source_id,split,file,original_split,is_eval_sample
IMG_0688_JPG.jpg,train,IMG_0688_JPG.rf.3d59e39c27615ce6c66e80d58c60eb5c.jpg,train,False
IMG_0688_JPG.jpg,train,IMG_0688_JPG.rf.3e74bf97d172e97146ed6bbd8000d62f.jpg,valid,False
IMG_0688_JPG.jpg,train,IMG_0688_JPG.rf.773c211f1bc71d0fed6a31970f9ed6c1.jpg,test,False
IMG_0688_JPG.jpg,train,IMG_0688_JPG.rf.dedb2a2520e1574ff7c336331b096efa.jpg,train,False
IMG_0688_JPG.jpg,train,IMG_0688_JPG.rf.f82fda6a661c55cd134e73a21625b51d.jpg,train,False
IMG_0689_JPG.jpg,train,IMG_0689_JPG.rf.345eb2fa8c950671be19520b30cd3d8c.jpg,train,False
IMG_0689_JPG.jpg,train,IMG_0689_JPG.rf.46a288fade9c8bfdf44436d5bd4a4c44.jpg,valid,False
IMG_0689_JPG.jpg,train,IMG_0689_JPG.rf.acee56a190fa3ee643dadcd29eb2f871.jpg,train,False
IMG_0689_JPG.jpg,train,IMG_0689_JPG.rf.c0e979aa5bded8741c625aee5c7d6f26.jpg,test,False
IMG_0689_JPG.jpg,train,IMG_0689_JPG.rf.d52d6a7f41f6a6ca4aee9d2350435c7b.jpg,train,False
IMG_0690_JPG.jpg,train,IMG_0690_JPG.rf.0da0206e08de60d2f4ac4f13a3f18894.jpg,train,False
IMG_0690_JPG.jpg,train,IMG_0690_JPG.rf.4ce6500fbd41b037ac4f2b5487d02ebf.jpg,valid,False
IMG_0690_JPG.jpg,train,IMG_0690_JPG.rf.6ae97778ec0ee02af754d507f0914979.jpg,valid,False
IMG_0690_JPG.jpg,train,IMG_0690_JPG.rf.bc88368e37c6012ec18b5ff14a25e1d3.jpg,test,False
IMG_0690_JPG.jpg,train,IMG_0690_JPG.rf.f37c0250da0e15e9c66963cbe072adf9.jpg,valid,False
IMG_0692_JPG.jpg,train,IMG_0692_JPG.rf.4c5e8a35b55b64d1d8764b4767c844da.jpg,train,False
IMG_0692_JPG.jpg,train,IMG_0692_JPG.rf.572d33b03ecd627a5e0122fd853a0e30.jpg,train,False
IMG_0692_JPG.jpg,train,IMG_0692_JPG.rf.7eed7e54fe80af995a5bc265559c62f2.jpg,train,False
IMG_0692_JPG.jpg,train,IMG_0692_JPG.rf.d9c5106f4d671dc89d4a46940d476b7f.jpg,train,False
IMG_0693_JPG.jpg,train,IMG_0693_JPG.rf.393407fec198e70b90fda7905d9a49b5.jpg,train,False
IMG_0693_JPG.jpg,train,IMG_0693_JPG.rf.55b926d3c788a5b2571dc897374d01ba.jpg,valid,False
IMG_0693_JPG.jpg,train,IMG_0693_JPG.rf.8d807956cdcdc24b3378b26957033a81.jpg,test,False
IMG_0693_JPG.jpg,train,IMG_0693_JPG.rf.8f46db409f0f5f2e01291748c98207c4.jpg,train,False
IMG_0693_JPG.jpg,train,IMG_0693_JPG.rf.ddc229c4fea120b8d7f54a51244dfd91.jpg,train,False
IMG_0694_JPG.jpg,train,IMG_0694_JPG.rf.07297a6ca83615a8334a72889851f27f.jpg,test,False
IMG_0694_JPG.jpg,train,IMG_0694_JPG.rf.3606ed69e606ac83c74741823d30996d.jpg,train,False
IMG_0694_JPG.jpg,train,IMG_0694_JPG.rf.6575dafbf5d7ee6c21e7d708e54b9a50.jpg,train,False
IMG_0694_JPG.jpg,train,IMG_0694_JPG.rf.6c3ede6d51d0b909932a1b6820dae9c1.jpg,valid,False
IMG_0694_JPG.jpg,train,IMG_0694_JPG.rf.8cc61f1407a65c50d42ad6b9990baee6.jpg,train,False
IMG_0695_JPG.jpg,train,IMG_0695_JPG.rf.3af8b2cc9e89796f16a9bbc66b9bd739.jpg,train,False
IMG_0695_JPG.jpg,train,IMG_0695_JPG.rf.405d70569de8e6016fe4533eefb663c3.jpg,train,False
IMG_0695_JPG.jpg,train,IMG_0695_JPG.rf.71bb3c5ab90af4f588c3fe4510adeba3.jpg,train,False
IMG_0695_JPG.jpg,train,IMG_0695_JPG.rf.792636fb6d147a5b95b26204cb78ae5a.jpg,train,False
IMG_0696_JPG.jpg,train,IMG_0696_JPG.rf.27dfe9ae400aab317c7d8f8ec1cd5653.jpg,valid,False
IMG_0696_JPG.jpg,train,IMG_0696_JPG.rf.31c0ce1ffd816679cc367777335be6ee.jpg,valid,False
IMG_0696_JPG.jpg,train,IMG_0696_JPG.rf.3d22b9e627719670bfdaa5bf6d1f2e39.jpg,valid,False
IMG_0696_JPG.jpg,train,IMG_0696_JPG.rf.9accaa575c89c3ab71d36534b63dc932.jpg,valid,False
IMG_0696_JPG.jpg,train,IMG_0696_JPG.rf.e8731e0d31370d9f17cb926fbd196248.jpg,train,False
IMG_0697_JPG.jpg,train,IMG_0697_JPG.rf.22544447f130e909f851e511498792d3.jpg,train,False
IMG_0697_JPG.jpg,train,IMG_0697_JPG.rf.4d26d659150b165c7e227de263e45dc8.jpg,train,False
IMG_0697_JPG.jpg,train,IMG_0697_JPG.rf.68ed7d339bca81eb20b05ef494b53f3c.jpg,train,False
IMG_0697_JPG.jpg,train,IMG_0697_JPG.rf.6d07671ed8a8c136babb105d1a441fa7.jpg,train,False
IMG_0697_JPG.jpg,train,IMG_0697_JPG.rf.dff8128c82f1a6b19867da1432c157a1.jpg,test,False
IMG_0698_JPG.jpg,train,IMG_0698_JPG.rf.1d970fe8043c1eeff3943cde22b59c8a.jpg,train,False
IMG_0698_JPG.jpg,train,IMG_0698_JPG.rf.90f37f70edd4a8b5e7c593323666743e.jpg,train,False
IMG_0698_JPG.jpg,train,IMG_0698_JPG.rf.a5282bb6507aa2ca7ebd1bdd387d0765.jpg,valid,False
IMG_0698_JPG.jpg,train,IMG_0698_JPG.rf.a78fdf1e9a25d901f6f5bc2370542ad8.jpg,train,False
IMG_0698_JPG.jpg,train,IMG_0698_JPG.rf.f208d02b71b69f758b4b04104148ab62.jpg,valid,False
IMG_0699_JPG.jpg,train,IMG_0699_JPG.rf.1abaf9f5a8c60d40448d1e9fab16cf88.jpg,train,False
IMG_0699_JPG.jpg,train,IMG_0699_JPG.rf.21220f5ff621ca308020e687b71e7b3f.jpg,train,False
IMG_0699_JPG.jpg,train,IMG_0699_JPG.rf.731854cf2e9370b7fd30d65f1c3d6f10.jpg,valid,False
IMG_0699_JPG.jpg,train,IMG_0699_JPG.rf.a74cc10314e5cf2bffdc366753fe506b.jpg,train,False
IMG_0699_JPG.jpg,train,IMG_0699_JPG.rf.dfd613a1c7ffcfdd478c571a338320d0.jpg,train,False
IMG_0703_JPG.jpg,train,IMG_0703_JPG.rf.0bee280dcd2df9bc066ead81cf36a2d7.jpg,train,False
IMG_0703_JPG.jpg,train,IMG_0703_JPG.rf.4116746be8d02a166196969a14e508e1.jpg,train,False
IMG_0703_JPG.jpg,train,IMG_0703_JPG.rf.445239a5143d72a152eb117f41460dd7.jpg,train,False
IMG_0703_JPG.jpg,train,IMG_0703_JPG.rf.559e4021979d6e1fe7b5e6c57bff5089.jpg,train,False
IMG_0703_JPG.jpg,train,IMG_0703_JPG.rf.61f329726cdd95b5bacea74fd49ff91e.jpg,train,False
IMG_0706_JPG.jpg,train,IMG_0706_JPG.rf.0ba2bba9f34dae6dc01e2cf3f564917e.jpg,valid,False
IMG_0706_JPG.jpg,train,IMG_0706_JPG.rf.393834482ab055963f4f5f2151347ba6.jpg,train,False
IMG_0706_JPG.jpg,train,IMG_0706_JPG.rf.4e277a707c680b21ed84dd9f7fa79f61.jpg,valid,False
IMG_0706_JPG.jpg,train,IMG_0706_JPG.rf.6f0f87826671f9b2558c25700c9f7520.jpg,train,False
IMG_0706_JPG.jpg,train,IMG_0706_JPG.rf.d0d708c4e90b0a464c699ee1d793e43c.jpg,test,False
IMG_0707_JPG.jpg,train,IMG_0707_JPG.rf.05fcee1ec88bf9de01def9029721cc11.jpg,train,False
IMG_0707_JPG.jpg,train,IMG_0707_JPG.rf.890e94381fe55f8b40ec898b7f445d1b.jpg,train,False
IMG_0707_JPG.jpg,train,IMG_0707_JPG.rf.955bb328f0438e14293f3bb7321f295c.jpg,train,False
IMG_0707_JPG.jpg,train,IMG_0707_JPG.rf.b1095ce59e3f2bd30e57fdfc855c4d5d.jpg,train,False
IMG_0707_JPG.jpg,train,IMG_0707_JPG.rf.c4afb544e0677500522f6e726f04b1ed.jpg,train,False
IMG_0708_JPG.jpg,train,IMG_0708_JPG.rf.10dcd75eccbe75cb0264d03992a8274f.jpg,train,False
IMG_0708_JPG.jpg,train,IMG_0708_JPG.rf.2fe9a3356241ea8cad91c53c86bbeb64.jpg,train,False
IMG_0708_JPG.jpg,train,IMG_0708_JPG.rf.92e94ff2b1a9e4b63facc20bb155ca63.jpg,valid,False
IMG_0708_JPG.jpg,train,IMG_0708_JPG.rf.af5a75be1b0ec37d3407a9917781e3e3.jpg,train,False
IMG_0708_JPG.jpg,train,IMG_0708_JPG.rf.c0770dbcc6670f73d7948ef1399feb60.jpg,valid,False
IMG_0709_JPG.jpg,train,IMG_0709_JPG.rf.3d6fad251e553d855fb0356f0f178e31.jpg,train,False
IMG_0709_JPG.jpg,train,IMG_0709_JPG.rf.530f68396d92c3f2276b5b3f696aff55.jpg,train,False
IMG_0709_JPG.jpg,train,IMG_0709_JPG.rf.c958590b8ae84902c38c50765d44f2c6.jpg,train,False
IMG_0709_JPG.jpg,train,IMG_0709_JPG.rf.d621d3839822be1785e67cc230ea8124.jpg,train,False
IMG_0710_JPG.jpg,train,IMG_0710_JPG.rf.274081178931d7a3cf2d94a8dc07aa03.jpg,valid,False
IMG_0710_JPG.jpg,train,IMG_0710_JPG.rf.2d4b2346fb61cb8145d79b06706b76db.jpg,test,False
IMG_0710_JPG.jpg,train,IMG_0710_JPG.rf.5912f53d258b7998be87cdbb0794bd7f.jpg,train,False
IMG_0710_JPG.jpg,train,IMG_0710_JPG.rf.747a86844db90ce97168f0b931b2545d.jpg,train,False
IMG_0710_JPG.jpg,train,IMG_0710_JPG.rf.b7ef8047ee4b1ce4321baef963776507.jpg,train,False
IMG_0713_JPG.jpg,train,IMG_0713_JPG.rf.3819e86e21697aa7b756ead086454b1f.jpg,train,False
IMG_0713_JPG.jpg,train,IMG_0713_JPG.rf.637e29d5cf2b7f6f3a12ce9342c00aaf.jpg,train,False
IMG_0713_JPG.jpg,train,IMG_0713_JPG.rf.6deff39d38a8c8fd15647f86be11bb57.jpg,train,False
IMG_0713_JPG.jpg,train,IMG_0713_JPG.rf.840f13e253f4fd61c61e5709e61702bb.jpg,train,False
IMG_0713_JPG.jpg,train,IMG_0713_JPG.rf.9d98af1e7a8dd0c4c48ed7de7540b4dd.jpg,train,False
IMG_0714_JPG.jpg,train,IMG_0714_JPG.rf.18ccf0c5571391d474cfdb06422c4a45.jpg,train,False
IMG_0714_JPG.jpg,train,IMG_0714_JPG.rf.5373377d7a5e931d7f46520d352afe87.jpg,test,False
IMG_0714_JPG.jpg,train,IMG_0714_JPG.rf.58f90286075813962e7e8e3d34eaa175.jpg,train,False
IMG_0714_JPG.jpg,train,IMG_0714_JPG.rf.d6e5b8b7915804366d322f0b6be8f3f8.jpg,train,False
IMG_0714_JPG.jpg,train,IMG_0714_JPG.rf.f2770601bc3a3328bec415f7a4320fed.jpg,train,False
IMG_0715_JPG.jpg,train,IMG_0715_JPG.rf.08eadf05e614a16352f5e73df8be95a5.jpg,train,False
IMG_0715_JPG.jpg,train,IMG_0715_JPG.rf.5020750875a1cb251e8d5766be2896ce.jpg,valid,False
IMG_0715_JPG.jpg,train,IMG_0715_JPG.rf.6bd38d336d8eadb541da647643a25d37.jpg,test,False
IMG_0715_JPG.jpg,train,IMG_0715_JPG.rf.834c875ab0afae910efce94709ab61b7.jpg,train,False
IMG_0715_JPG.jpg,train,IMG_0715_JPG.rf.c841b90959d7c7b0eb964527d253d9b2.jpg,test,False
IMG_0716_JPG.jpg,train,IMG_0716_JPG.rf.31d31e50aa6d4c531295de7095a0966f.jpg,test,False
IMG_0716_JPG.jpg,train,IMG_0716_JPG.rf.8c8c8c77cd07cf147d9a924ec3192c86.jpg,train,False
IMG_0716_JPG.jpg,train,IMG_0716_JPG.rf.9e033e5fb385bc6d02b6da5b3efb9c83.jpg,train,False
IMG_0716_JPG.jpg,train,IMG_0716_JPG.rf.b8a434214a097ae6dc1e68de6b4626d3.jpg,train,False
IMG_0716_JPG.jpg,train,IMG_0716_JPG.rf.d1b0ffe53d712fc81d3d19cce09923e4.jpg,train,False
IMG_0719_JPG.jpg,train,IMG_0719_JPG.rf.0fc684b49158bb9318c87a8c44dd8d46.jpg,train,False
IMG_0719_JPG.jpg,train,IMG_0719_JPG.rf.70f7e5044eb129d559106452054918f0.jpg,valid,False
IMG_0719_JPG.jpg,train,IMG_0719_JPG.rf.86889e53ff1edb0803efb91922180a33.jpg,train,False
IMG_0719_JPG.jpg,train,IMG_0719_JPG.rf.b32e93f471286908749bd04eef03329b.jpg,valid,False
IMG_0719_JPG.jpg,train,IMG_0719_JPG.rf.b3bf434bf4e0e080e4265d14b3d879f0.jpg,train,False
IMG_0720_JPG.jpg,train,IMG_0720_JPG.rf.4553943581145140ce41474f887eed78.jpg,train,False
IMG_0720_JPG.jpg,train,IMG_0720_JPG.rf.8ecd0ac300048300b345a717ad57a020.jpg,train,False
IMG_0720_JPG.jpg,train,IMG_0720_JPG.rf.acdc083dc16506211fbec386095e4fcf.jpg,train,False
IMG_0720_JPG.jpg,train,IMG_0720_JPG.rf.ed5981fa425646cfc04e265f7ce5eac3.jpg,train,False
IMG_0720_JPG.jpg,train,IMG_0720_JPG.rf.f80d2947fe950a2940375a0ef3a6e383.jpg,valid,False
IMG_0721_JPG.jpg,train,IMG_0721_JPG.rf.3724b9e785734daf3cb316511d8f3b3f.jpg,valid,False
IMG_0721_JPG.jpg,train,IMG_0721_JPG.rf.3b84bbfc34315c2ca6edf4a49c846267.jpg,train,False
IMG_0721_JPG.jpg,train,IMG_0721_JPG.rf.6b17f196d90059943487a57f831fbd00.jpg,valid,False
IMG_0721_JPG.jpg,train,IMG_0721_JPG.rf.b3789f6faad44f279a3533dbbd413abb.jpg,train,False
IMG_0721_JPG.jpg,train,IMG_0721_JPG.rf.d5c28754c6d65d6feb4c951d92a0d171.jpg,train,False
IMG_0722_JPG.jpg,train,IMG_0722_JPG.rf.162463dd9aa2cfc50629d0bb895d72c0.jpg,train,False
IMG_0722_JPG.jpg,train,IMG_0722_JPG.rf.3606eae280dd3b5985913c59344c0caa.jpg,valid,False
IMG_0722_JPG.jpg,train,IMG_0722_JPG.rf.af437f50ab4bb0f1ee4ab5fb59d7fe85.jpg,valid,False
IMG_0722_JPG.jpg,train,IMG_0722_JPG.rf.b4ad5e39e8dd5946ca3a99ba92df5f41.jpg,train,False
IMG_0722_JPG.jpg,train,IMG_0722_JPG.rf.d4fd9a391e4bd7ba4c2a3dbe66d925c1.jpg,valid,False
IMG_0723_JPG.jpg,train,IMG_0723_JPG.rf.0cfd2e707c814ef03dbf66156cf8a764.jpg,train,False
IMG_0723_JPG.jpg,train,IMG_0723_JPG.rf.1d76b6f7b1868d51f90065b09e86dea1.jpg,valid,False
IMG_0723_JPG.jpg,train,IMG_0723_JPG.rf.6e9465459a9a6c825921e522d49d3853.jpg,train,False
IMG_0723_JPG.jpg,train,IMG_0723_JPG.rf.a99b84031ba987bc9595b3093b2378d7.jpg,train,False
IMG_0725_JPG.jpg,train,IMG_0725_JPG.rf.0154a491dfcbbaac68d2e6aee1c8e8ff.jpg,train,False
IMG_0725_JPG.jpg,train,IMG_0725_JPG.rf.2d760d62f373cce29371ecf7841b0894.jpg,train,False
IMG_0725_JPG.jpg,train,IMG_0725_JPG.rf.705303d627c94261785d612ae4289e64.jpg,test,False
IMG_0725_JPG.jpg,train,IMG_0725_JPG.rf.713d96b7ea8c639f134eae025e07bff0.jpg,train,False
IMG_0725_JPG.jpg,train,IMG_0725_JPG.rf.b571cf113eabf7c6e24e36fc99465e53.jpg,train,False
IMG_0728_JPG.jpg,train,IMG_0728_JPG.rf.0925e094b0cc6bfcc42f5879dcbe6f52.jpg,train,False
IMG_0728_JPG.jpg,train,IMG_0728_JPG.rf.af861ac1509f035d8ee9004c7798db9d.jpg,train,False
IMG_0728_JPG.jpg,train,IMG_0728_JPG.rf.f3dd2c3edfda40fbea7c51fbc44fbab3.jpg,test,False
IMG_0728_JPG.jpg,train,IMG_0728_JPG.rf.fcfafab7d867a01ce81abbc92fab3636.jpg,train,False
IMG_0729_JPG.jpg,train,IMG_0729_JPG.rf.35fb18b777ed451823b4ea8f3fafef7e.jpg,train,False
IMG_0729_JPG.jpg,train,IMG_0729_JPG.rf.3ff2c9aa620d7bcb21a584552fe695ab.jpg,train,False
IMG_0729_JPG.jpg,train,IMG_0729_JPG.rf.b32d8165d72cc1d7e76e1982c9c9a517.jpg,valid,False
IMG_0729_JPG.jpg,train,IMG_0729_JPG.rf.e21a147736d83f52d520f6126ad64fc5.jpg,test,False
IMG_0729_JPG.jpg,train,IMG_0729_JPG.rf.f681a0acedb83f969a1d73e1b0fc649b.jpg,train,False
IMG_0731_JPG.jpg,train,IMG_0731_JPG.rf.1127a6f300ee1523ec5c23a9cbd1fecf.jpg,train,False
IMG_0731_JPG.jpg,train,IMG_0731_JPG.rf.b385e8c1268b0e9d1f0aaab69a4b596d.jpg,train,False
IMG_0731_JPG.jpg,train,IMG_0731_JPG.rf.cc173667ffacb34183fa328552565937.jpg,train,False
IMG_0731_JPG.jpg,train,IMG_0731_JPG.rf.d61f79bcd659fff1be897a822bec56b8.jpg,train,False
IMG_0731_JPG.jpg,train,IMG_0731_JPG.rf.ed7824824013982e5e4f5c269f9c7a87.jpg,train,False
IMG_0732_JPG.jpg,train,IMG_0732_JPG.rf.043b5d91534079b67aa7e4fe67bf5788.jpg,train,False
IMG_0732_JPG.jpg,train,IMG_0732_JPG.rf.8f760adcd70bac0676b0c899eebbe265.jpg,valid,False
IMG_0732_JPG.jpg,train,IMG_0732_JPG.rf.ae457c52d124d7f759697afa049f3b3b.jpg,train,False
IMG_0732_JPG.jpg,train,IMG_0732_JPG.rf.def6b8edfeb0fdc01ac4f1903d8d2d3a.jpg,test,False
IMG_0732_JPG.jpg,train,IMG_0732_JPG.rf.fe210663938cf1eb4c5b9cf2b7268464.jpg,valid,False
IMG_0733_JPG.jpg,train,IMG_0733_JPG.rf.323ceab2c3b1db06c52a456a49f68207.jpg,train,False
IMG_0733_JPG.jpg,train,IMG_0733_JPG.rf.698e4c90f5ef19be6d018cdf031242b9.jpg,train,False
IMG_0733_JPG.jpg,train,IMG_0733_JPG.rf.aa12872312f34c50568549a4d015743c.jpg,train,False
IMG_0733_JPG.jpg,train,IMG_0733_JPG.rf.bbb0fd47c8b4c54de5fe4772871ded71.jpg,train,False
IMG_0735_JPG.jpg,train,IMG_0735_JPG.rf.1581eb74c76bbc33248b21b36ccc9dbe.jpg,valid,False
IMG_0735_JPG.jpg,train,IMG_0735_JPG.rf.19ee85d62ca8178b6fd0a60cd68d1f20.jpg,train,False
IMG_0735_JPG.jpg,train,IMG_0735_JPG.rf.31821a15510031efb306708418510f20.jpg,train,False
IMG_0735_JPG.jpg,train,IMG_0735_JPG.rf.6c4dfa3a1fa907ea4796642ab93e57ce.jpg,test,False
IMG_0738_JPG.jpg,train,IMG_0738_JPG.rf.14a6b3731ae92f31d5885cdee655e869.jpg,valid,False
IMG_0738_JPG.jpg,train,IMG_0738_JPG.rf.8befff404338a91c207d38d2eaa0e222.jpg,train,False
IMG_0738_JPG.jpg,train,IMG_0738_JPG.rf.bcde74da08f0d4d8d2a26c74648d9a9c.jpg,valid,False
IMG_0738_JPG.jpg,train,IMG_0738_JPG.rf.c1e79f92739631017bcf6c170882473b.jpg,train,False
IMG_0738_JPG.jpg,train,IMG_0738_JPG.rf.f34983b8708dd4c6eac0f9ed645c6063.jpg,train,False
IMG_0739_JPG.jpg,train,IMG_0739_JPG.rf.2d282e9ad19b081e749d1b832eff3717.jpg,test,False
IMG_0739_JPG.jpg,train,IMG_0739_JPG.rf.579f823e0f6604477c8e2677154a225b.jpg,train,False
IMG_0739_JPG.jpg,train,IMG_0739_JPG.rf.59240e12efefde733707337e337eb1f8.jpg,valid,False
IMG_0739_JPG.jpg,train,IMG_0739_JPG.rf.9a5be73bf97e0886cf53be15fead9aba.jpg,test,False
IMG_0740_JPG.jpg,train,IMG_0740_JPG.rf.02feaaa7ab3a96179726d58ff00f15fa.jpg,test,False
IMG_0740_JPG.jpg,train,IMG_0740_JPG.rf.1e977db4c4c74cbd6f86e7069af4fc8a.jpg,train,False
IMG_0740_JPG.jpg,train,IMG_0740_JPG.rf.9ce5c7cc90e761977d56e16af8def875.jpg,train,False
IMG_0740_JPG.jpg,train,IMG_0740_JPG.rf.b380c84da4c82ff3fc27b723a4d87717.jpg,train,False
IMG_0740_JPG.jpg,train,IMG_0740_JPG.rf.c8ee719b14af1f18e57cc7cf5886de8c.jpg,train,False
IMG_0742_JPG.jpg,train,IMG_0742_JPG.rf.0dc3c319373458fa468a2d4abfd065f9.jpg,train,False
IMG_0742_JPG.jpg,train,IMG_0742_JPG.rf.2046e8f452a525761d72f88703cb35f6.jpg,train,False
IMG_0742_JPG.jpg,train,IMG_0742_JPG.rf.a566c84c2b9aa001177dd6ce9a4b67d4.jpg,train,False
IMG_0742_JPG.jpg,train,IMG_0742_JPG.rf.ecde9fd8241c07cf42de604947e4a1fa.jpg,train,False
IMG_0742_JPG.jpg,train,IMG_0742_JPG.rf.f98da15b8913caf24050e0420c9df6e2.jpg,train,False
IMG_0743_JPG.jpg,train,IMG_0743_JPG.rf.4fd5e7a05ad8b13bd5affd67134a6845.jpg,train,False
IMG_0743_JPG.jpg,train,IMG_0743_JPG.rf.90578b7797bf748643f2d1b05fa6e7aa.jpg,train,False
IMG_0743_JPG.jpg,train,IMG_0743_JPG.rf.b5fb0750f6d4bdb24f00595a18aff1e6.jpg,valid,False
IMG_0743_JPG.jpg,train,IMG_0743_JPG.rf.d5930deede04f0ba8f4c8cd8e467d5ff.jpg,train,False
IMG_0743_JPG.jpg,train,IMG_0743_JPG.rf.e290255ade26dcb06d4cc2577c9e398c.jpg,test,False
IMG_0744_JPG.jpg,train,IMG_0744_JPG.rf.9cf6caf89b4cbdfbe35c108278e4b6b6.jpg,valid,False
IMG_0744_JPG.jpg,train,IMG_0744_JPG.rf.9ea19e8b0cec5f896d0833352b63407d.jpg,test,False
IMG_0744_JPG.jpg,train,IMG_0744_JPG.rf.ba115d9752222daa7261c4f5e9e4516d.jpg,train,False
IMG_0744_JPG.jpg,train,IMG_0744_JPG.rf.d3a1611dc47ca6dc0296331aa7d33a71.jpg,train,False
IMG_0744_JPG.jpg,train,IMG_0744_JPG.rf.ea5cb1a7a94985e153f1eaf5ff25f329.jpg,train,False
IMG_0746_JPG.jpg,train,IMG_0746_JPG.rf.133a60c617c47f070a69fdecd5e0c7e4.jpg,test,False
IMG_0746_JPG.jpg,train,IMG_0746_JPG.rf.2f69c218f2af0720c7838dda5d317bbf.jpg,train,False
IMG_0746_JPG.jpg,train,IMG_0746_JPG.rf.44631ca3dc903449b7e466a0777c51d0.jpg,valid,False
IMG_0746_JPG.jpg,train,IMG_0746_JPG.rf.f7157e73dbf30bba25696e4f2bf1b60d.jpg,train,False
IMG_0747_JPG.jpg,train,IMG_0747_JPG.rf.6dc83e436e4301e66a4ed9f509a7d356.jpg,train,False
IMG_0747_JPG.jpg,train,IMG_0747_JPG.rf.c0fd66e42834396ee42c16fedcf745b3.jpg,test,False
IMG_0747_JPG.jpg,train,IMG_0747_JPG.rf.d554d7b37e4c8a6fa297cc121191042a.jpg,valid,False
IMG_0747_JPG.jpg,train,IMG_0747_JPG.rf.e190254a61af41391d9eeb7c0c01aef4.jpg,valid,False
IMG_0747_JPG.jpg,train,IMG_0747_JPG.rf.fd5e33d2f28652af5d135b0e078a9b1c.jpg,train,False
IMG_0749_JPG.jpg,train,IMG_0749_JPG.rf.0c39d56acce587cade7ec4072ff2a49e.jpg,train,False
IMG_0749_JPG.jpg,train,IMG_0749_JPG.rf.39d10bcf67c8bfd4606cd09130fd3e99.jpg,valid,False
IMG_0749_JPG.jpg,train,IMG_0749_JPG.rf.c671c05dedb50054608ce3bf7c262f7c.jpg,train,False
IMG_0749_JPG.jpg,train,IMG_0749_JPG.rf.f0d03a1b4a39a96a2e2d87ff02d2a92c.jpg,train,False
IMG_0751_JPG.jpg,train,IMG_0751_JPG.rf.96663071d0c2218536490418eb4e8954.jpg,train,False
IMG_0751_JPG.jpg,train,IMG_0751_JPG.rf.b4272784eb7fa3bce77456725dddfeeb.jpg,train,False
IMG_0751_JPG.jpg,train,IMG_0751_JPG.rf.d8483cac0537e1bb5c293aacdcb25573.jpg,train,False
IMG_0751_JPG.jpg,train,IMG_0751_JPG.rf.dad65bd26dac9b89fc51bc98c9403981.jpg,train,False
IMG_0751_JPG.jpg,train,IMG_0751_JPG.rf.f08b882ace059353466cfab780f009ec.jpg,valid,False
IMG_0754_JPG.jpg,train,IMG_0754_JPG.rf.21d8349d9ada1c0172a1e70011a09f35.jpg,test,False
IMG_0754_JPG.jpg,train,IMG_0754_JPG.rf.260adb679fc796c43470f8a188cd4cc0.jpg,train,False
IMG_0754_JPG.jpg,train,IMG_0754_JPG.rf.9c31d09e92a218559da4de18f0597391.jpg,train,False
IMG_0754_JPG.jpg,train,IMG_0754_JPG.rf.dff1d8104356adbee770ba358dec857c.jpg,train,False
IMG_0755_JPG.jpg,train,IMG_0755_JPG.rf.9392528b943fce74a35372779025822b.jpg,valid,False
IMG_0755_JPG.jpg,train,IMG_0755_JPG.rf.ae8ff0e84092622b8a9089792bbcbde2.jpg,train,False
IMG_0755_JPG.jpg,train,IMG_0755_JPG.rf.c65e942da4587f17c34ad9268726b7a6.jpg,train,False
IMG_0755_JPG.jpg,train,IMG_0755_JPG.rf.c7a421b99cab8d095386ca789f2fbb01.jpg,train,False
IMG_0755_JPG.jpg,train,IMG_0755_JPG.rf.e59ed9437dd0a6bfc97d106ed5a828ec.jpg,train,False
IMG_0756_JPG.jpg,train,IMG_0756_JPG.rf.04b6838bb993b6b855d7dfa774a32566.jpg,train,False
IMG_0756_JPG.jpg,train,IMG_0756_JPG.rf.07b2cb13ee6fe23693f8940302af8f15.jpg,train,False
IMG_0756_JPG.jpg,train,IMG_0756_JPG.rf.2aa5ae4381d51642e0595507b736a368.jpg,train,False
IMG_0756_JPG.jpg,train,IMG_0756_JPG.rf.d6d2186abf0b972d455b6d046b44d7f0.jpg,train,False
IMG_0756_JPG.jpg,train,IMG_0756_JPG.rf.f260f683bb34899ff7fd067993012f4a.jpg,train,False
IMG_0757_JPG.jpg,train,IMG_0757_JPG.rf.0cc2b15e84d8448558ee77509bd35c5c.jpg,test,False
IMG_0757_JPG.jpg,train,IMG_0757_JPG.rf.43eab8ce47d227dfb8458c9753e499b6.jpg,train,False
IMG_0757_JPG.jpg,train,IMG_0757_JPG.rf.4860bc20076c0247ea3bd8f0ef3200bb.jpg,train,False
IMG_0757_JPG.jpg,train,IMG_0757_JPG.rf.db9081d2c394da2fc642b2c555b7940f.jpg,valid,False
IMG_0757_JPG.jpg,train,IMG_0757_JPG.rf.f4cf69aa34e26586c4e3cfc0d91aef49.jpg,test,False
IMG_0758_JPG.jpg,train,IMG_0758_JPG.rf.008ed823296973815fa84e0ba6cbbe44.jpg,train,False
IMG_0758_JPG.jpg,train,IMG_0758_JPG.rf.1b079c007855147849de0c4562327417.jpg,valid,False
IMG_0758_JPG.jpg,train,IMG_0758_JPG.rf.62be58691e24ccad9bdee267b35bcff7.jpg,train,False
IMG_0758_JPG.jpg,train,IMG_0758_JPG.rf.67f7ff00ff345182b8c2fcb78165574c.jpg,train,False
IMG_0758_JPG.jpg,train,IMG_0758_JPG.rf.739394d5698f9c35c8802b08e0e1b4a1.jpg,train,False
IMG_0759_JPG.jpg,train,IMG_0759_JPG.rf.1c72e78e63bf14e52313488e161dc3ee.jpg,train,False
IMG_0759_JPG.jpg,train,IMG_0759_JPG.rf.4349dad8df843376de95566fdeff94c1.jpg,train,False
IMG_0759_JPG.jpg,train,IMG_0759_JPG.rf.6d4ab6808d3588db97da5bf28fcd8950.jpg,train,False
IMG_0759_JPG.jpg,train,IMG_0759_JPG.rf.bc2b77c8f2efc6b527873ddbfe57607f.jpg,valid,False
IMG_0759_JPG.jpg,train,IMG_0759_JPG.rf.e87252ada0df48aba0b500d6a3ab9c97.jpg,train,False
IMG_0760_JPG.jpg,train,IMG_0760_JPG.rf.0403b0341a7a000155661e4aeab8f116.jpg,train,False
IMG_0760_JPG.jpg,train,IMG_0760_JPG.rf.3d8fbd90b15792f7cf28a35a7d865e8c.jpg,valid,False
IMG_0760_JPG.jpg,train,IMG_0760_JPG.rf.c422222ee3f6f2c18ac8aa1f88bf2849.jpg,train,False
IMG_0760_JPG.jpg,train,IMG_0760_JPG.rf.c9d27a55eae3b1beab49370aa9425ec6.jpg,train,False
IMG_0761_JPG.jpg,train,IMG_0761_JPG.rf.1b3dc6d855d608723970f63228432b0f.jpg,train,False
IMG_0761_JPG.jpg,train,IMG_0761_JPG.rf.3b7b8b6e5c33467dab79ef029caf5c48.jpg,train,False
IMG_0761_JPG.jpg,train,IMG_0761_JPG.rf.c7882375c63f47f8ea35110d6018379f.jpg,valid,False
IMG_0761_JPG.jpg,train,IMG_0761_JPG.rf.e6eca578741165d4a09eec4ecfbb43e4.jpg,train,False
IMG_0762_JPG.jpg,train,IMG_0762_JPG.rf.110b56a86a2188fa27ff09c8513e6fbf.jpg,train,False
IMG_0762_JPG.jpg,train,IMG_0762_JPG.rf.51e93a46782bf5a7bcbe86e23587d699.jpg,train,False
IMG_0762_JPG.jpg,train,IMG_0762_JPG.rf.89f947aa7895a67e47f89336bffed86f.jpg,valid,False
IMG_0762_JPG.jpg,train,IMG_0762_JPG.rf.95ccf44ac28453a8d81774dc29d1f586.jpg,train,False
IMG_0762_JPG.jpg,train,IMG_0762_JPG.rf.ff18ad86b29a562b1b0c6723dc5571a8.jpg,train,False
IMG_0765_JPG.jpg,train,IMG_0765_JPG.rf.351a45432c9ee7da445b789bbe5753e1.jpg,valid,False
IMG_0765_JPG.jpg,train,IMG_0765_JPG.rf.960b75378c45aba75b9a3471cb3a55b1.jpg,train,False
IMG_0765_JPG.jpg,train,IMG_0765_JPG.rf.b190237df92f82dad2b1d3dd099030dd.jpg,train,False
IMG_0765_JPG.jpg,train,IMG_0765_JPG.rf.d0e22a1797beabf37bada0b2e1faa511.jpg,train,False
IMG_0765_JPG.jpg,train,IMG_0765_JPG.rf.e558e08fe5f05289da098fb5d4c5365a.jpg,train,False
IMG_0766_JPG.jpg,train,IMG_0766_JPG.rf.05e8e1b687ebd4473595ebddf32b6ff3.jpg,train,False
IMG_0766_JPG.jpg,train,IMG_0766_JPG.rf.23ac89a0d07a99f2fc503916cfefa0c9.jpg,train,False
IMG_0766_JPG.jpg,train,IMG_0766_JPG.rf.8044a340a50f6798cb29b4d119253832.jpg,train,False
IMG_0766_JPG.jpg,train,IMG_0766_JPG.rf.a044073c6e8f16992137ee4136464670.jpg,train,False
IMG_0766_JPG.jpg,train,IMG_0766_JPG.rf.b606ea98fa31efe08f4dca6c054bc690.jpg,train,False
IMG_0769_JPG.jpg,train,IMG_0769_JPG.rf.323050bc561245988a027475a6407218.jpg,train,False
IMG_0769_JPG.jpg,train,IMG_0769_JPG.rf.749da493989cde0192b2f62d05290e1a.jpg,train,False
IMG_0769_JPG.jpg,train,IMG_0769_JPG.rf.93f73fcfbee0a9697f97b31fb83d2c95.jpg,test,False
IMG_0769_JPG.jpg,train,IMG_0769_JPG.rf.a18a09c468882b21e482525ffd12be14.jpg,test,False
IMG_0769_JPG.jpg,train,IMG_0769_JPG.rf.e9cc3a6f2fc6e204187fe5a15271184b.jpg,train,False
IMG_0771_JPG.jpg,train,IMG_0771_JPG.rf.1c0660ba613a1616cd448d9ba3733f81.jpg,train,False
IMG_0771_JPG.jpg,train,IMG_0771_JPG.rf.809fff63362315dfba60c3d04a95d329.jpg,train,False
IMG_0771_JPG.jpg,train,IMG_0771_JPG.rf.aae61c23844e08b0219c3cca11799502.jpg,train,False
IMG_0771_JPG.jpg,train,IMG_0771_JPG.rf.bd6ec68e33a043b3c9b8966cdf375a2a.jpg,train,False
IMG_0771_JPG.jpg,train,IMG_0771_JPG.rf.ff01d0c58b4344838bfd9a867b3f9252.jpg,train,False
IMG_0772_JPG.jpg,train,IMG_0772_JPG.rf.4e855efda460a87f26031cad85ec5627.jpg,train,False
IMG_0772_JPG.jpg,train,IMG_0772_JPG.rf.58901c4d3706d6723703455cbe83a184.jpg,test,False
IMG_0772_JPG.jpg,train,IMG_0772_JPG.rf.acb8a310650dfe8a98448e0f73f00d36.jpg,test,False
IMG_0772_JPG.jpg,train,IMG_0772_JPG.rf.d97f5c656f10ca7d23d6c3f03a682d8f.jpg,valid,False
IMG_0772_JPG.jpg,train,IMG_0772_JPG.rf.f1296a1ac8357bfedd8086e6bf47f9da.jpg,train,False
IMG_0773_JPG.jpg,train,IMG_0773_JPG.rf.2e840e0459e83badfed9ee3d556e87f0.jpg,train,False
IMG_0773_JPG.jpg,train,IMG_0773_JPG.rf.504803afa730b1d8dd7ae4bfbe142002.jpg,test,False
IMG_0773_JPG.jpg,train,IMG_0773_JPG.rf.556cd59cd3cfedafb5fbdccd6d56ed71.jpg,train,False
IMG_0773_JPG.jpg,train,IMG_0773_JPG.rf.5b4294dd1d5219c67508cf52ac8596e7.jpg,test,False
IMG_0773_JPG.jpg,train,IMG_0773_JPG.rf.d7ef5ea86e493b21b5a15a6f21e95e67.jpg,train,False
IMG_0774_JPG.jpg,train,IMG_0774_JPG.rf.0a7343becf92fc2a41ba93f99a87e133.jpg,train,False
IMG_0774_JPG.jpg,train,IMG_0774_JPG.rf.214fb85495ba0c67806f5f0c64e8af0f.jpg,valid,False
IMG_0774_JPG.jpg,train,IMG_0774_JPG.rf.96b21afb1de9ef7a7a846d9183d1c71b.jpg,valid,False
IMG_0774_JPG.jpg,train,IMG_0774_JPG.rf.b2565570dea8e8e6c31ac8a8985192bc.jpg,valid,False
IMG_0774_JPG.jpg,train,IMG_0774_JPG.rf.bebe126140d3c92dafa2244db5c61123.jpg,valid,False
IMG_0775_JPG.jpg,train,IMG_0775_JPG.rf.3192b683d61d3c37e4c3b2bd74d94f36.jpg,train,False
IMG_0775_JPG.jpg,train,IMG_0775_JPG.rf.372bbe84e98ee1f1f65a36797268fe1a.jpg,train,False
IMG_0775_JPG.jpg,train,IMG_0775_JPG.rf.44467ac4250c4575fd58dc1fbf425dfd.jpg,train,False
IMG_0775_JPG.jpg,train,IMG_0775_JPG.rf.6042bb8e3defbdcdfe27e320502cbeaa.jpg,test,False
IMG_0775_JPG.jpg,train,IMG_0775_JPG.rf.e08152ab670dc4a31b5428f4c03b4e27.jpg,train,False
IMG_0777_JPG.jpg,train,IMG_0777_JPG.rf.11f4df422ca85e6a5a762ae6add453fd.jpg,train,False
IMG_0777_JPG.jpg,train,IMG_0777_JPG.rf.2c5b2d597d4ba3e4ef9854b07d3ac32c.jpg,valid,False
IMG_0777_JPG.jpg,train,IMG_0777_JPG.rf.97c1664988bde6fb7b0fa4e65eb0a74d.jpg,train,False
IMG_0777_JPG.jpg,train,IMG_0777_JPG.rf.b46b6c78af2b2344848a0c6d65df9346.jpg,valid,False
IMG_0777_JPG.jpg,train,IMG_0777_JPG.rf.db427813b312adc438760336bd0988d1.jpg,valid,False
IMG_0778_JPG.jpg,train,IMG_0778_JPG.rf.2b18fb09c21e3489a23382d326b8f448.jpg,train,False
IMG_0778_JPG.jpg,train,IMG_0778_JPG.rf.5206329c57cdb0ce8be0a5ad85651a03.jpg,train,False
IMG_0778_JPG.jpg,train,IMG_0778_JPG.rf.75e273a14e5dcfa128c1d886057a0864.jpg,train,False
IMG_0778_JPG.jpg,train,IMG_0778_JPG.rf.b69def2dfd4be00547d0097dae1df6c3.jpg,train,False
IMG_0778_JPG.jpg,train,IMG_0778_JPG.rf.fd232129cb029092bc73e6a9288f9d2f.jpg,train,False
IMG_0779_JPG.jpg,train,IMG_0779_JPG.rf.0b7ab5d2c9a09cec148c078962d53626.jpg,train,False
IMG_0779_JPG.jpg,train,IMG_0779_JPG.rf.1c4dc4f5ac92da9d6f527ce063c82526.jpg,train,False
IMG_0779_JPG.jpg,train,IMG_0779_JPG.rf.29189e8de3a89e5c6be03c0f748fdec9.jpg,train,False
IMG_0779_JPG.jpg,train,IMG_0779_JPG.rf.ab1fb4e644799e5d0208eb6fde85e0ee.jpg,valid,False
IMG_0780_JPG.jpg,train,IMG_0780_JPG.rf.4b32bde71e0dc60d7dffc8249d780713.jpg,train,False
IMG_0780_JPG.jpg,train,IMG_0780_JPG.rf.6a7742c24a915b094f7ad16e8d1f7b21.jpg,test,False
IMG_0780_JPG.jpg,train,IMG_0780_JPG.rf.a7a5560fd31b200ab61f010d9da9bb0c.jpg,train,False
IMG_0780_JPG.jpg,train,IMG_0780_JPG.rf.d2ec2d7a8fe9f93117589c12c09ddf45.jpg,train,False
IMG_0780_JPG.jpg,train,IMG_0780_JPG.rf.dd1870e745555a069f1ca00617bbb13c.jpg,valid,False
IMG_0781_JPG.jpg,train,IMG_0781_JPG.rf.10da640b6ef5fecb403e5aaa51b517ab.jpg,train,False
IMG_0781_JPG.jpg,train,IMG_0781_JPG.rf.3953c132baa17a09dad9a847fa9d4d48.jpg,train,False
IMG_0781_JPG.jpg,train,IMG_0781_JPG.rf.470a2b02f39db452b91fe6baa00a66fc.jpg,train,False
IMG_0781_JPG.jpg,train,IMG_0781_JPG.rf.5b86d6885b9643222c7ca21c15682ad8.jpg,valid,False
IMG_0781_JPG.jpg,train,IMG_0781_JPG.rf.f481bd0c395529a8ab9074dbf8931133.jpg,train,False
IMG_0782_JPG.jpg,train,IMG_0782_JPG.rf.26ae35461ec6929ab1d03775841c12e2.jpg,valid,False
IMG_0782_JPG.jpg,train,IMG_0782_JPG.rf.4253eaed5af611a4c375796cc60a746d.jpg,train,False
IMG_0782_JPG.jpg,train,IMG_0782_JPG.rf.47655f8e205f74998ecadc337f80609a.jpg,valid,False
IMG_0782_JPG.jpg,train,IMG_0782_JPG.rf.ed2fc5c16885aeed9fc73a4359af7476.jpg,test,False
IMG_0782_JPG.jpg,train,IMG_0782_JPG.rf.f67bcc0b8850339c06574fe180f742b5.jpg,valid,False
IMG_0785_JPG.jpg,train,IMG_0785_JPG.rf.30c4280f3bc3b8a5996601c3ab38e042.jpg,valid,False
IMG_0785_JPG.jpg,train,IMG_0785_JPG.rf.32f196d67393362faa137105e6e12a10.jpg,valid,False
IMG_0785_JPG.jpg,train,IMG_0785_JPG.rf.7a1f615c93baf5096cf71412c703510c.jpg,train,False
IMG_0785_JPG.jpg,train,IMG_0785_JPG.rf.8d01e3419f92f7d5a2ca4fa30280481b.jpg,train,False
IMG_0785_JPG.jpg,train,IMG_0785_JPG.rf.fd5b4777ba3fd926007e41302415bb23.jpg,train,False
IMG_0787_JPG.jpg,train,IMG_0787_JPG.rf.248b9898aa1277498073c923e0929d75.jpg,test,False
IMG_0787_JPG.jpg,train,IMG_0787_JPG.rf.78d38595b64ade757dd14a8b08ecd0d3.jpg,train,False
IMG_0787_JPG.jpg,train,IMG_0787_JPG.rf.9009c3909115f17811c7d371a85ace3e.jpg,train,False
IMG_0787_JPG.jpg,train,IMG_0787_JPG.rf.ce681665dd260af31506b794990e8df5.jpg,valid,False
IMG_0787_JPG.jpg,train,IMG_0787_JPG.rf.feb321eee6adce5d9ec0541d30fcebef.jpg,valid,False
IMG_0788_JPG.jpg,train,IMG_0788_JPG.rf.429b58a25121e7c4d5ce091a1cf2456b.jpg,train,False
IMG_0788_JPG.jpg,train,IMG_0788_JPG.rf.79f3f5d1c52ff491cb402d6d53ff5af4.jpg,train,False
IMG_0788_JPG.jpg,train,IMG_0788_JPG.rf.862dbdd9c398147054aa0c1bb0019d3d.jpg,train,False
IMG_0788_JPG.jpg,train,IMG_0788_JPG.rf.9c2e2b7da8460de3e1168dbe18422341.jpg,train,False
IMG_0788_JPG.jpg,train,IMG_0788_JPG.rf.fa94d1ec5fc0a6dfb76bacdfbe0c5332.jpg,train,False
IMG_0789_JPG.jpg,train,IMG_0789_JPG.rf.32ba0b26550c1a8e954e734047c56659.jpg,train,False
IMG_0789_JPG.jpg,train,IMG_0789_JPG.rf.5ae5aaa71a2fdabd75a79e85249169e9.jpg,valid,False
IMG_0789_JPG.jpg,train,IMG_0789_JPG.rf.8c0fb1e305b96d86f827e81936a7a9d7.jpg,valid,False
IMG_0789_JPG.jpg,train,IMG_0789_JPG.rf.b635b67a67498fca22640042ff3f53c4.jpg,train,False
IMG_0789_JPG.jpg,train,IMG_0789_JPG.rf.fe9e4f73be9627cf8cf108b32b146165.jpg,train,False
IMG_0790_JPG.jpg,train,IMG_0790_JPG.rf.263bb9a92be6332b1e3153ef3a9257aa.jpg,train,False
IMG_0790_JPG.jpg,train,IMG_0790_JPG.rf.949a42d92360c65c8118836bab37786a.jpg,train,False
IMG_0790_JPG.jpg,train,IMG_0790_JPG.rf.a25070c8608c86cae2634f4db9f1b001.jpg,train,False
IMG_0790_JPG.jpg,train,IMG_0790_JPG.rf.ad57d7c83ce9734ed9a7a20b429bc2f3.jpg,train,False
IMG_0790_JPG.jpg,train,IMG_0790_JPG.rf.f6e6b053889dbdc723e05fad1fd0f4b1.jpg,valid,False
IMG_0791_JPG.jpg,train,IMG_0791_JPG.rf.9667fda4072a93586e4b1c503ace5f31.jpg,valid,False
IMG_0791_JPG.jpg,train,IMG_0791_JPG.rf.9772cd15258bd05a44bfadd1ca7560c3.jpg,train,False
IMG_0791_JPG.jpg,train,IMG_0791_JPG.rf.a57f45a437f794a1d1ea99c70f91b0e5.jpg,valid,False
IMG_0791_JPG.jpg,train,IMG_0791_JPG.rf.bfc46fe6b875cdb8080556e1daec0de5.jpg,train,False
IMG_0791_JPG.jpg,train,IMG_0791_JPG.rf.d3ba9a41185a2f52b5b4dfaefbf1c787.jpg,train,False
IMG_0793_JPG.jpg,train,IMG_0793_JPG.rf.017b9b36ef2c9521d823c5b7ff560e26.jpg,train,False
IMG_0793_JPG.jpg,train,IMG_0793_JPG.rf.0b4953d5082b294482c9600936971b36.jpg,valid,False
IMG_0793_JPG.jpg,train,IMG_0793_JPG.rf.128e212ef6aeca1d4b2739d89394d998.jpg,train,False
IMG_0793_JPG.jpg,train,IMG_0793_JPG.rf.56451e7b84f6b793394af3c58c341145.jpg,valid,False
IMG_0793_JPG.jpg,train,IMG_0793_JPG.rf.ebcbb063af46ef227a76d5627f4a7f38.jpg,train,False
IMG_0795_JPG.jpg,train,IMG_0795_JPG.rf.1594cc6c32208cb050a92a5a0243e8a0.jpg,train,False
IMG_0795_JPG.jpg,train,IMG_0795_JPG.rf.a47c36ec93298e9515ed716259c96d32.jpg,train,False
IMG_0795_JPG.jpg,train,IMG_0795_JPG.rf.ad7b5b428aa1d28733a6a38797ce9d48.jpg,valid,False
IMG_0795_JPG.jpg,train,IMG_0795_JPG.rf.cc56a87c01ce3bddcba5bbd5ca9d5814.jpg,test,False
IMG_0795_JPG.jpg,train,IMG_0795_JPG.rf.f75bfc8ffe425be5015d14f95eb2f8d7.jpg,train,False
IMG_0797_JPG.jpg,train,IMG_0797_JPG.rf.08b7973b1d5b07a1c730a5acf8e27105.jpg,train,False
IMG_0797_JPG.jpg,train,IMG_0797_JPG.rf.1da379adfbd710854b8fc50f25935a7b.jpg,train,False
IMG_0797_JPG.jpg,train,IMG_0797_JPG.rf.a4022efdc906b3c4e7a0ed6cf90dac95.jpg,train,False
IMG_0797_JPG.jpg,train,IMG_0797_JPG.rf.f9531bbb633cdf0d903c20d7f5b0fc64.jpg,valid,False
IMG_0797_JPG.jpg,train,IMG_0797_JPG.rf.fdc7f58f6c1a18c3d19cf210d72f06e0.jpg,valid,False
IMG_0798_JPG.jpg,train,IMG_0798_JPG.rf.22615ffae1254a964663371879a994c3.jpg,train,False
IMG_0798_JPG.jpg,train,IMG_0798_JPG.rf.86ad6295a74760f1f4c45f18cdcddf18.jpg,valid,False
IMG_0798_JPG.jpg,train,IMG_0798_JPG.rf.914ea44c7b74067b40ba386b6cd099ac.jpg,test,False
IMG_0798_JPG.jpg,train,IMG_0798_JPG.rf.abe787370e1aee3d4b890d2e8e69c14e.jpg,train,False
IMG_0798_JPG.jpg,train,IMG_0798_JPG.rf.b3cb7b82dc5f9fc8966348b8c8cd3ce8.jpg,train,False
IMG_0799_JPG.jpg,train,IMG_0799_JPG.rf.80564668a6655a4ebc4982bb1cde285a.jpg,train,False
IMG_0799_JPG.jpg,train,IMG_0799_JPG.rf.b8ac6fac81b3f020ae12b129f138ffff.jpg,train,False
IMG_0799_JPG.jpg,train,IMG_0799_JPG.rf.cc8a9beeedc74c21d8d611ec9e02d875.jpg,valid,False
IMG_0799_JPG.jpg,train,IMG_0799_JPG.rf.d85e5cc1ef77febf3c94fa98004819d4.jpg,train,False
IMG_0799_JPG.jpg,train,IMG_0799_JPG.rf.f36464e4ee5ff4ac321449178df8c882.jpg,valid,False
IMG_0801_JPG.jpg,train,IMG_0801_JPG.rf.146acd9f522f5c274580a5c9850db5e4.jpg,train,False
IMG_0801_JPG.jpg,train,IMG_0801_JPG.rf.70d46977e2e0eb161b34ff44c84041e2.jpg,train,False
IMG_0801_JPG.jpg,train,IMG_0801_JPG.rf.cf1f490fac1b6aec0c8fd8bf0deaded2.jpg,train,False
IMG_0801_JPG.jpg,train,IMG_0801_JPG.rf.db19c4eba3f18a2543cefe2cc1d38192.jpg,test,False
IMG_0801_JPG.jpg,train,IMG_0801_JPG.rf.fa1ba2c8a0c5b4de5af8bd676cd1f5a8.jpg,valid,False
IMG_0802_JPG.jpg,train,IMG_0802_JPG.rf.41dc88706f512dc6f51566d974982dad.jpg,train,False
IMG_0802_JPG.jpg,train,IMG_0802_JPG.rf.7616571d630aef5241510d57bd0d9ac7.jpg,train,False
IMG_0802_JPG.jpg,train,IMG_0802_JPG.rf.b693fc52276c5ad66e7309f1647669a8.jpg,train,False
IMG_0802_JPG.jpg,train,IMG_0802_JPG.rf.de09838c1df9f719179ea0b585cf3038.jpg,train,False
IMG_0802_JPG.jpg,train,IMG_0802_JPG.rf.e2b2122a74b965ca610030f46a6710ab.jpg,train,False
IMG_0803_JPG.jpg,train,IMG_0803_JPG.rf.03eeb325c6dc654cda3174bf89c44a98.jpg,train,False
IMG_0803_JPG.jpg,train,IMG_0803_JPG.rf.3bd3fff4221ee89703d7d51f9e729f94.jpg,train,False
IMG_0803_JPG.jpg,train,IMG_0803_JPG.rf.741fb8bf6dd69ddd4e436cf0af1009dc.jpg,valid,False
IMG_0803_JPG.jpg,train,IMG_0803_JPG.rf.88facf096b552a287a8cad2ee65088ab.jpg,train,False
IMG_0804_JPG.jpg,train,IMG_0804_JPG.rf.00ce7257f1fbb29a3d4fe46c1161162c.jpg,train,False
IMG_0804_JPG.jpg,train,IMG_0804_JPG.rf.7629471b07f46ef4e576271d4f82e396.jpg,train,False
IMG_0804_JPG.jpg,train,IMG_0804_JPG.rf.b2aa069e41e933fb1a0e95cd528575b6.jpg,train,False
IMG_0804_JPG.jpg,train,IMG_0804_JPG.rf.d54977d40cd8d1dc514b4d49c88dd746.jpg,train,False
IMG_0805_JPG.jpg,train,IMG_0805_JPG.rf.5e8190894376a14c89d16c68beb4a89f.jpg,valid,False
IMG_0805_JPG.jpg,train,IMG_0805_JPG.rf.660f0b34f393c3b9cd54544ce2f5cfc5.jpg,train,False
IMG_0805_JPG.jpg,train,IMG_0805_JPG.rf.8039d86fd7816175e2a8b5203ff7781a.jpg,valid,False
IMG_0805_JPG.jpg,train,IMG_0805_JPG.rf.c0101a2004d4c4ed2b9a8635db179da1.jpg,train,False
IMG_0805_JPG.jpg,train,IMG_0805_JPG.rf.cda1bd52edfc76d973975d464f0e0fc9.jpg,train,False
IMG_0806_JPG.jpg,train,IMG_0806_JPG.rf.0378fb45584dad76b417db3e8e3016c9.jpg,train,False
IMG_0806_JPG.jpg,train,IMG_0806_JPG.rf.079e81a68fd7ab82943ea8019f4096b7.jpg,valid,False
IMG_0806_JPG.jpg,train,IMG_0806_JPG.rf.4b80aa530b995c7061ace38594e945b7.jpg,train,False
IMG_0806_JPG.jpg,train,IMG_0806_JPG.rf.be6f7490a4a7a8dcfbcf8f08ae8bed7c.jpg,train,False
IMG_0806_JPG.jpg,train,IMG_0806_JPG.rf.cedd5511a26506af93db9c0b76c6f1f5.jpg,train,False
IMG_0807_JPG.jpg,train,IMG_0807_JPG.rf.56e4cc32fe5f54c2b93ddc29efe2f938.jpg,test,False
IMG_0807_JPG.jpg,train,IMG_0807_JPG.rf.7af7c8e6c34a4a7626708d3e6213e5c1.jpg,valid,False
IMG_0807_JPG.jpg,train,IMG_0807_JPG.rf.8a1b06b0fefb45fb7e808d2a00903ca3.jpg,train,False
IMG_0807_JPG.jpg,train,IMG_0807_JPG.rf.8ab516b83664b14b562ea76ac65ed123.jpg,valid,False
IMG_0807_JPG.jpg,train,IMG_0807_JPG.rf.aea9a6ef83d52a8af6636b34115d14e1.jpg,train,False
IMG_0808_JPG.jpg,train,IMG_0808_JPG.rf.6408dec116e8319b599acb1c90f862c1.jpg,test,False
IMG_0808_JPG.jpg,train,IMG_0808_JPG.rf.69b47b408e589d28aa362f96ac237535.jpg,train,False
IMG_0808_JPG.jpg,train,IMG_0808_JPG.rf.892985a4bc3052ffbedcf3a70f47f3e5.jpg,train,False
IMG_0808_JPG.jpg,train,IMG_0808_JPG.rf.903518a30c5ebdaedc5e512ad101cd36.jpg,test,False
IMG_0808_JPG.jpg,train,IMG_0808_JPG.rf.cd3d64db36011ad348faa6f887311d70.jpg,train,False
IMG_0809_JPG.jpg,train,IMG_0809_JPG.rf.13d4418d1a9ca0e9e01fb285c706f48d.jpg,train,False
IMG_0809_JPG.jpg,train,IMG_0809_JPG.rf.3d08a6d6ced7634aa3335de559d85b75.jpg,train,False
IMG_0809_JPG.jpg,train,IMG_0809_JPG.rf.89ab990217af073077684d848cec5ffa.jpg,train,False
IMG_0809_JPG.jpg,train,IMG_0809_JPG.rf.bfda37f63606b4ee41c9024b348164e9.jpg,train,False
IMG_0809_JPG.jpg,train,IMG_0809_JPG.rf.d4500fcaebbd0304c8faf0d67e106469.jpg,train,False
IMG_0810_JPG.jpg,train,IMG_0810_JPG.rf.16d0c9ca7635626b62d9ab583470a371.jpg,valid,False
IMG_0810_JPG.jpg,train,IMG_0810_JPG.rf.8a6154d6e80a08d6f8a23924efe527f2.jpg,train,False
IMG_0810_JPG.jpg,train,IMG_0810_JPG.rf.a4118c6891258c4f3c1b1b384bca0e38.jpg,train,False
IMG_0810_JPG.jpg,train,IMG_0810_JPG.rf.aaf5c0849b52faf6519da096d3b474b3.jpg,train,False
IMG_0810_JPG.jpg,train,IMG_0810_JPG.rf.d6c13d27d8d13ee8415b94591bb6c1ab.jpg,test,False
IMG_0812_JPG.jpg,train,IMG_0812_JPG.rf.413e9da263a3ca4e2302bed7ddc89d8a.jpg,train,False
IMG_0812_JPG.jpg,train,IMG_0812_JPG.rf.464e3242a4b4ebc313de9baa81b69c81.jpg,train,False
IMG_0812_JPG.jpg,train,IMG_0812_JPG.rf.5940dc6c975a6f895768808a215b98b3.jpg,train,False
IMG_0812_JPG.jpg,train,IMG_0812_JPG.rf.9a099136e931b1c2fad560f64fb34b20.jpg,train,False
IMG_0812_JPG.jpg,train,IMG_0812_JPG.rf.b1d82dc2d2cdfe60c6caddfbcff3afec.jpg,train,False
IMG_0813_JPG.jpg,train,IMG_0813_JPG.rf.0b7e590f37f66299c613b048e1090e9b.jpg,train,False
IMG_0813_JPG.jpg,train,IMG_0813_JPG.rf.33fcc7d3563d1c6a3751a9637fa45b24.jpg,train,False
IMG_0813_JPG.jpg,train,IMG_0813_JPG.rf.348bf488e8b5f14f66581e15ce79b121.jpg,train,False
IMG_0813_JPG.jpg,train,IMG_0813_JPG.rf.55848f32e81d426b72f2f0d92288977c.jpg,train,False
IMG_0813_JPG.jpg,train,IMG_0813_JPG.rf.c74d7c2b595bc6bb5b7c0affb0682137.jpg,train,False
IMG_0815_JPG.jpg,train,IMG_0815_JPG.rf.0bde2dc5029e762af6005e1a7799da18.jpg,valid,False
IMG_0815_JPG.jpg,train,IMG_0815_JPG.rf.1bf8c9986f7f55635887b5dea7074474.jpg,train,False
IMG_0815_JPG.jpg,train,IMG_0815_JPG.rf.36c8332f15221845f916be16d8efacb8.jpg,train,False
IMG_0815_JPG.jpg,train,IMG_0815_JPG.rf.6b9cec7e599d3818696a322cc43763bd.jpg,train,False
IMG_0815_JPG.jpg,train,IMG_0815_JPG.rf.922208f2add90de84a6a68fe013bc583.jpg,valid,False
IMG_0816_JPG.jpg,train,IMG_0816_JPG.rf.0264ee66152b8f50d7df9f546074829b.jpg,valid,False
IMG_0816_JPG.jpg,train,IMG_0816_JPG.rf.0ca9d57b34688d3b6d8dd310f563b363.jpg,train,False
IMG_0816_JPG.jpg,train,IMG_0816_JPG.rf.7bb2fe6a6f5cb3e6e745aecc3f94e043.jpg,train,False
IMG_0816_JPG.jpg,train,IMG_0816_JPG.rf.b018787a38f46a9f67f0fb640601b71a.jpg,train,False
IMG_0816_JPG.jpg,train,IMG_0816_JPG.rf.f78d279ff332cb5e5cdec49ca0eab7ae.jpg,train,False
IMG_0817_JPG.jpg,train,IMG_0817_JPG.rf.44485104d10cf492e6f97ccfc26c5375.jpg,train,False
IMG_0817_JPG.jpg,train,IMG_0817_JPG.rf.736a650d0f7d46365551b24677894936.jpg,valid,False
IMG_0817_JPG.jpg,train,IMG_0817_JPG.rf.7896e47b95de5af15ecf0eb1a85f3e5d.jpg,train,False
IMG_0817_JPG.jpg,train,IMG_0817_JPG.rf.f15284d9147fd29230925779b3bb2a53.jpg,train,False
IMG_0817_JPG.jpg,train,IMG_0817_JPG.rf.fc914a4a05e8a28f612c7f84ee1cb793.jpg,train,False
IMG_0818_JPG.jpg,train,IMG_0818_JPG.rf.12cd4fa3720100918697ad14b6f17e57.jpg,train,False
IMG_0818_JPG.jpg,train,IMG_0818_JPG.rf.1c63c69daecd6d5b5b60a155f4b9f2d5.jpg,train,False
IMG_0818_JPG.jpg,train,IMG_0818_JPG.rf.1fcc07b6b6dd6f9442157eec954a8d05.jpg,train,False
IMG_0818_JPG.jpg,train,IMG_0818_JPG.rf.85725e3a27f949a136fd993fbc4fbaae.jpg,train,False
IMG_0818_JPG.jpg,train,IMG_0818_JPG.rf.94c145e332a84ba57c4a864c3500d0b0.jpg,train,False
IMG_0819_JPG.jpg,train,IMG_0819_JPG.rf.4942c69c3d9e1c26c989f2d89437bcbf.jpg,test,False
IMG_0819_JPG.jpg,train,IMG_0819_JPG.rf.a353aa3edb89af33df6a12e61dc659d6.jpg,train,False
IMG_0819_JPG.jpg,train,IMG_0819_JPG.rf.b6ee96669293ed8055735a4b1d974860.jpg,train,False
IMG_0819_JPG.jpg,train,IMG_0819_JPG.rf.c8b5a3643aaf220f982f670bac4d076f.jpg,train,False
IMG_0819_JPG.jpg,train,IMG_0819_JPG.rf.e7c3b8aea313d7af213baf1e43c3a32f.jpg,train,False
IMG_0822_JPG.jpg,train,IMG_0822_JPG.rf.0511aed88fcd0dfb90f1915833b2da2c.jpg,train,False
IMG_0822_JPG.jpg,train,IMG_0822_JPG.rf.4cdd6a112e38c2ae2fb2728319851340.jpg,train,False
IMG_0822_JPG.jpg,train,IMG_0822_JPG.rf.80d6dc88c6abdc0849b2d56f632736d9.jpg,train,False
IMG_0822_JPG.jpg,train,IMG_0822_JPG.rf.afcd5ad9beb24be0e5648760bb8903cf.jpg,valid,False
IMG_0826_JPG.jpg,train,IMG_0826_JPG.rf.37b5b90ef2ff412b063b2b58f1034ff3.jpg,train,False
IMG_0826_JPG.jpg,train,IMG_0826_JPG.rf.7c31ce748ff945983ee23c16bcbbbaac.jpg,train,False
IMG_0826_JPG.jpg,train,IMG_0826_JPG.rf.8e59320abd41fa1a32c84079167c00ec.jpg,test,False
IMG_0826_JPG.jpg,train,IMG_0826_JPG.rf.c8abcd9c2cbf6cc689c3e2e8e47b5ec4.jpg,train,False
IMG_0826_JPG.jpg,train,IMG_0826_JPG.rf.e2852956d33edb5b0876d679daf887d1.jpg,train,False
IMG_0828_JPG.jpg,train,IMG_0828_JPG.rf.67ac44ef34fa836630d5f0023efb6b57.jpg,test,False
IMG_0828_JPG.jpg,train,IMG_0828_JPG.rf.8882458d76659bfecc081c55aabf2b7a.jpg,valid,False
IMG_0828_JPG.jpg,train,IMG_0828_JPG.rf.c46c8f221c6d85e54ec4bacbd31fb674.jpg,train,False
IMG_0828_JPG.jpg,train,IMG_0828_JPG.rf.f6942a699df0295afcdc7936bde8622c.jpg,train,False
IMG_0831_JPG.jpg,train,IMG_0831_JPG.rf.19f634fb59532585be81e301f0b9ce64.jpg,train,False
IMG_0831_JPG.jpg,train,IMG_0831_JPG.rf.3478be8f7db8e61981aa7294b82af126.jpg,train,False
IMG_0831_JPG.jpg,train,IMG_0831_JPG.rf.3e84271e51ec4df63ecf386e52dd7ec5.jpg,train,False
IMG_0831_JPG.jpg,train,IMG_0831_JPG.rf.b7af020c5cc7b249e2658a8c6b095b59.jpg,valid,False
IMG_0831_JPG.jpg,train,IMG_0831_JPG.rf.dbd3b16a518cc60b4cd1f9d43397bf36.jpg,valid,False
IMG_0833_JPG.jpg,train,IMG_0833_JPG.rf.20981cdb1952f02b276e2bf334fe5461.jpg,train,False
IMG_0833_JPG.jpg,train,IMG_0833_JPG.rf.48f866ed23cb326eba329c38f31b66cf.jpg,train,False
IMG_0833_JPG.jpg,train,IMG_0833_JPG.rf.58f42fb8695e5cba51893de2590ee97c.jpg,train,False
IMG_0833_JPG.jpg,train,IMG_0833_JPG.rf.dc4a38eacfe1d6b10daec9f970f3cd56.jpg,train,False
IMG_0833_JPG.jpg,train,IMG_0833_JPG.rf.e330a8c0bbe48129e7cd05f6756894aa.jpg,train,False
IMG_0834_JPG.jpg,train,IMG_0834_JPG.rf.1b0a9ba86aac8c45653da6a5b32dacdf.jpg,train,False
IMG_0834_JPG.jpg,train,IMG_0834_JPG.rf.1b5ee4628794a84253bea6ed02042673.jpg,valid,False
IMG_0834_JPG.jpg,train,IMG_0834_JPG.rf.314abb5b008394ca1c5aa5b7b8e23ce0.jpg,train,False
IMG_0834_JPG.jpg,train,IMG_0834_JPG.rf.7a3c9b987293bfa3de93b2c29396161a.jpg,test,False
IMG_0834_JPG.jpg,train,IMG_0834_JPG.rf.817e201c28684560dc025550f57514ce.jpg,train,False
IMG_0835_JPG.jpg,train,IMG_0835_JPG.rf.6becb92a431162bb15df95ec084bc9b5.jpg,train,False
IMG_0835_JPG.jpg,train,IMG_0835_JPG.rf.8c94f080cebaa8e9efe6c0076b519208.jpg,train,False
IMG_0835_JPG.jpg,train,IMG_0835_JPG.rf.8cda9f28190a7c712616df8e3bf7ca35.jpg,train,False
IMG_0835_JPG.jpg,train,IMG_0835_JPG.rf.c7fdad3721ee8946f17e734c9a405363.jpg,train,False
IMG_0835_JPG.jpg,train,IMG_0835_JPG.rf.e5aec8eabd076a677153c6a565e321d9.jpg,train,False
IMG_0836_JPG.jpg,train,IMG_0836_JPG.rf.3ceaa727f994892382004588e1a2cb95.jpg,train,False
IMG_0836_JPG.jpg,train,IMG_0836_JPG.rf.6bdcdff60d8a91a46be2c6dae53abae6.jpg,train,False
IMG_0836_JPG.jpg,train,IMG_0836_JPG.rf.6d9515e33dcecbb45c732b01cb276b78.jpg,train,False
IMG_0836_JPG.jpg,train,IMG_0836_JPG.rf.81a2e2f7b73d77beee81ef9fbde62065.jpg,train,False
IMG_0836_JPG.jpg,train,IMG_0836_JPG.rf.a36ad3044d5e2d8474306510213b79f3.jpg,valid,False
IMG_0837_JPG.jpg,train,IMG_0837_JPG.rf.156f096a243a0d53c723e497a22f9fb9.jpg,valid,False
IMG_0837_JPG.jpg,train,IMG_0837_JPG.rf.177687cd7b8de0ff3b11a2438f09ccd1.jpg,train,False
IMG_0837_JPG.jpg,train,IMG_0837_JPG.rf.2d2e6a83ea42246d51b8a7e9fdc09842.jpg,train,False
IMG_0837_JPG.jpg,train,IMG_0837_JPG.rf.5aaf5dc8f1d518d7dc41fa79196e1f26.jpg,train,False
IMG_0837_JPG.jpg,train,IMG_0837_JPG.rf.a3081796142b268500729b632c2fe6f4.jpg,valid,False
image002_jpg.jpg,train,image002_jpg.rf.20c0c8220f27d3930c707e80a0189189.jpg,train,False
image002_jpg.jpg,train,image002_jpg.rf.b842b7f0d3b39463d1a9357777e271ec.jpg,train,False
image002_jpg.jpg,train,image002_jpg.rf.cc31f4b65fb068d3c4b297a0354c456e.jpg,train,False
image003_JPG.jpg,train,image003_JPG.rf.0eb9d23f2fe5d0f5d463ac35a047aaf5.jpg,test,False
image003_JPG.jpg,train,image003_JPG.rf.6e8978bee7ace4e5a336cfe5e43b5b3e.jpg,train,False
image003_JPG.jpg,train,image003_JPG.rf.77d61e64ad53ca14a248c751fe013661.jpg,train,False
image003_JPG.jpg,train,image003_JPG.rf.8fd342d6d22bd570353e9cae0564941a.jpg,valid,False
image003_JPG.jpg,train,image003_JPG.rf.facd7fe0f5db9bc524c25ef5d1e6ec85.jpg,train,False
image003_JPG_result.jpg,train,image003_JPG.rf.0eb9d23f2fe5d0f5d463ac35a047aaf5_result.jpg,test,False
image004_JPG.jpg,train,image004_JPG.rf.2c47b31bf66e3d6511ea023829a91fa4.jpg,train,False
image004_JPG.jpg,train,image004_JPG.rf.3f69f2053b8c97aeff8b742ad66ca49f.jpg,train,False
image004_JPG.jpg,train,image004_JPG.rf.80a93f2f7f0b4dfab175eb62ab2506b2.jpg,train,False
image004_JPG.jpg,train,image004_JPG.rf.a247b7876131061ac8b6627bce4adce6.jpg,train,False
image004_JPG.jpg,train,image004_JPG.rf.e28b79a0dcb312ac3b1af371c7428ddc.jpg,train,False
image005_jpg.jpg,train,image005_jpg.rf.3aeaa92ba44f0c8ad82503bc4f3489ea.jpg,train,False
image005_jpg.jpg,train,image005_jpg.rf.416f59d76d2411aa92e98e8d11526f9f.jpg,train,False
image005_jpg.jpg,train,image005_jpg.rf.6b74930f5e99cc40e4edb3c90ad91997.jpg,train,False
image005_jpg.jpg,train,image005_jpg.rf.cf17f7efd384532c918175b1e14d4a54.jpg,train,False
image005_jpg.jpg,train,image005_jpg.rf.eb903ace62e67e07ea8d28c26f36471d.jpg,train,False
image007_jpg.jpg,train,image007_jpg.rf.91bc3a3a11df48591a51a226f19d6135.jpg,train,False
image007_jpg.jpg,train,image007_jpg.rf.9bffffe82173af4344e686ad3499498b.jpg,train,False
image007_jpg.jpg,train,image007_jpg.rf.a4139be9c0d37a53fe72fc9008b1f73c.jpg,train,False
image007_jpg.jpg,train,image007_jpg.rf.ac538b08a0ffa3137b7709598622bcd4.jpg,train,False
image007_jpg.jpg,train,image007_jpg.rf.dbaa3105e2181a90f3ca71458af48b3b.jpg,train,False
image008_jpg.jpg,train,image008_jpg.rf.19a439233491ed3e1a73d266cee70fca.jpg,test,False
image008_jpg.jpg,train,image008_jpg.rf.3699cb92204cfa3457a037ad387ef8e9.jpg,train,False
image008_jpg.jpg,train,image008_jpg.rf.42ece4b5c3ffc7d95666e35fd26550a0.jpg,train,False
image008_jpg.jpg,train,image008_jpg.rf.8cc1eb957eadb79f0464d1211f37b326.jpg,train,False
image008_jpg.jpg,train,image008_jpg.rf.c49f0300dc39cf2125ca3efc9c798b0e.jpg,valid,False
image009_jpg.jpg,train,image009_jpg.rf.155d4377e7eac4e24edfc31dc8cefe36.jpg,train,False
image009_jpg.jpg,train,image009_jpg.rf.6a8a3ad522d2ad215bb14354e341d06e.jpg,train,False
image009_jpg.jpg,train,image009_jpg.rf.951201df2a886ef55f6343fefb89cf0e.jpg,valid,False
image009_jpg.jpg,train,image009_jpg.rf.ec3294cdc346abcc585f6e87060a9465.jpg,train,False
image009_jpg.jpg,train,image009_jpg.rf.f544061d0b1e9f1d76d166b029591888.jpg,train,False
image013_jpg.jpg,train,image013_jpg.rf.1781fb5f42fb37e39d38ef88e8f92639.jpg,valid,False
image013_jpg.jpg,train,image013_jpg.rf.302581b5677825ac3bcecf9ac961d523.jpg,valid,False
image013_jpg.jpg,train,image013_jpg.rf.81729b4d049857202eb8c24293ac0369.jpg,valid,False
image013_jpg.jpg,train,image013_jpg.rf.9e40cfa2ebd395dc7a63af0485dd6cdb.jpg,test,False
image013_jpg.jpg,train,image013_jpg.rf.e9e5d0fc4659f5a0a3cc6ff15b9dd713.jpg,train,False
image018_jpg.jpg,train,image018_jpg.rf.101ba9b4b2426bfb96f9e16ddd0f9cac.jpg,valid,False
image018_jpg.jpg,train,image018_jpg.rf.31ba24a2a3c476d5dfd497b6d442182d.jpg,train,False
image018_jpg.jpg,train,image018_jpg.rf.3df9f869236698e181d441a0bd6ca790.jpg,train,False
image018_jpg.jpg,train,image018_jpg.rf.63ce750af235976362e2f1b26658fd4f.jpg,train,False
image018_jpg.jpg,train,image018_jpg.rf.79c44d6300da44635113431449e90cc0.jpg,train,False
image020_jpg.jpg,train,image020_jpg.rf.033881d917c4b2410e77df0f96b84633.jpg,train,False
image020_jpg.jpg,train,image020_jpg.rf.0956c89898d52d274f24094e5cf75326.jpg,train,False
image020_jpg.jpg,train,image020_jpg.rf.605b4516dbc3c1951c517b0b36f2599c.jpg,train,False
image020_jpg.jpg,train,image020_jpg.rf.607f6573901108b4549e5db1c41bef9b.jpg,train,False
image020_jpg.jpg,train,image020_jpg.rf.8d2753a4f042fd596a5665d636350d77.jpg,train,False
image023_jpg.jpg,train,image023_jpg.rf.038591f96914ceab8a6422fb9b6b4d73.jpg,train,False
image023_jpg.jpg,train,image023_jpg.rf.0c0cdf5618a7675a9a258b29f1dc5ae6.jpg,valid,False
image023_jpg.jpg,train,image023_jpg.rf.164f03911cdddcaf02c0cfc8c486a9d9.jpg,train,False
image023_jpg.jpg,train,image023_jpg.rf.a401d113f123bd91a8aadce2ff37c923.jpg,test,False
image023_jpg.jpg,train,image023_jpg.rf.e53e4901f96c76a29e59e184e603d805.jpg,train,False
image024_jpg.jpg,train,image024_jpg.rf.37b9ecae763a189fdadc1fe48c75914b.jpg,train,False
image024_jpg.jpg,train,image024_jpg.rf.3fde25b1b3844f8d3029dfebd08959c4.jpg,valid,False
image024_jpg.jpg,train,image024_jpg.rf.712ca7fd0b8372d13aaedb25d134b559.jpg,valid,False
image024_jpg.jpg,train,image024_jpg.rf.71c972154a40333c3c1106f2eb82b052.jpg,train,False
image024_jpg.jpg,train,image024_jpg.rf.accd8a3b9e33660629e1a6617cba72a0.jpg,train,False
image025_jpg.jpg,train,image025_jpg.rf.52f42016b52682d5e7ec33d221500e37.jpg,train,False
image025_jpg.jpg,train,image025_jpg.rf.6b4910b40b84750dc3fd1da30dfdcbce.jpg,train,False
image025_jpg.jpg,train,image025_jpg.rf.77d06ea033cd500f1380c62b7423e6a1.jpg,test,False
image025_jpg.jpg,train,image025_jpg.rf.ad7f6182b8896c47b44d0129e8ea6bc9.jpg,train,False
image025_jpg.jpg,train,image025_jpg.rf.ffb52345cc75d6bc5d0622b7d7b3d5ad.jpg,train,False
image026_jpg.jpg,train,image026_jpg.rf.6dfe5f92f5c36350da840b40391cf190.jpg,train,False
image026_jpg.jpg,train,image026_jpg.rf.73ca29b90561aa383615a8fe1e830918.jpg,train,False
image026_jpg.jpg,train,image026_jpg.rf.97d898de247bb478968a4a65c2487111.jpg,valid,False
image026_jpg.jpg,train,image026_jpg.rf.d0d7835a1a321556e520ac4b838ed330.jpg,train,False
image026_jpg.jpg,train,image026_jpg.rf.fffec14ed90891f24a4891c93d146e67.jpg,train,False
image027_JPG.jpg,train,image027_JPG.rf.1d555970fbed5e611c6235b53431df7d.jpg,train,False
image027_JPG.jpg,train,image027_JPG.rf.1f82738459b0f69c7d201f57fde1e443.jpg,train,False
image027_JPG.jpg,train,image027_JPG.rf.65c708013b1d64c797d919f890755d50.jpg,valid,False
image027_JPG.jpg,train,image027_JPG.rf.8a67acd4b5036ef8c501ad3e77691aa1.jpg,valid,False
image027_JPG.jpg,train,image027_JPG.rf.feb952135e3b92aa8276644c77255ce2.jpg,train,False
image029_JPG.jpg,train,image029_JPG.rf.33391d25d7d0094fd130ea05aaed334b.jpg,train,False
image029_JPG.jpg,train,image029_JPG.rf.648259e21b5085901022e1b9751c66b1.jpg,train,False
image029_JPG.jpg,train,image029_JPG.rf.961332d3fed9acfa23a986c5912eecf2.jpg,train,False
image029_JPG.jpg,train,image029_JPG.rf.e46629ebe1ed4927d67e46f03d3eba06.jpg,train,False
image029_JPG.jpg,train,image029_JPG.rf.e867bd1832d28e02bc592ba3f740947e.jpg,train,False
image031_jpg.jpg,train,image031_jpg.rf.075512d1db1caa777d18f8fdd4508dea.jpg,valid,False
image031_jpg.jpg,train,image031_jpg.rf.417c6a5eb55e138c0c47cc11aeac68a7.jpg,train,False
image031_jpg.jpg,train,image031_jpg.rf.70a02dd27d0bb24893c837b701071a16.jpg,train,False
image031_jpg.jpg,train,image031_jpg.rf.7fdd75fe47f52702853f4f36cb7d7920.jpg,train,False
image031_jpg.jpg,train,image031_jpg.rf.7fefa5df04247e7129c1f2f2de904399.jpg,train,False
image033_jpg.jpg,train,image033_jpg.rf.08538f0e54398fbc850b263100191193.jpg,train,False
image033_jpg.jpg,train,image033_jpg.rf.4d86f5b4dceaa6a5905fbfeb22967a6b.jpg,valid,False
image033_jpg.jpg,train,image033_jpg.rf.7da4df7e93df44d82c3a0ab13171666e.jpg,valid,False
image033_jpg.jpg,train,image033_jpg.rf.a3c68073ed84e5af48bb2b87e2400f63.jpg,test,False
image033_jpg.jpg,train,image033_jpg.rf.f80d74cbf16bd14d1e2836fb6f27fdbe.jpg,train,False
image034_jpg.jpg,train,image034_jpg.rf.0fe4c07cc723e0616f6807829f0cf07b.jpg,train,False
image034_jpg.jpg,train,image034_jpg.rf.412c14a41abdd6c011f7d8f10959f5ff.jpg,test,False
image034_jpg.jpg,train,image034_jpg.rf.79920a3af892616428ad7fe8f94f4ff8.jpg,train,False
image034_jpg.jpg,train,image034_jpg.rf.ab21b5dcdf03bf7b3fa92d9976a2ab97.jpg,train,False
image034_jpg.jpg,train,image034_jpg.rf.bf26ceb0eeaebe95cf9ad4732595ef08.jpg,test,False
image036_jpg.jpg,train,image036_jpg.rf.1125633764b3d0a045992a5f5ef05cba.jpg,train,False
image036_jpg.jpg,train,image036_jpg.rf.5e5747a65abe233a28499e74a8c475c4.jpg,train,False
image036_jpg.jpg,train,image036_jpg.rf.743cef2bab543db887e443514adc71dc.jpg,valid,False
image036_jpg.jpg,train,image036_jpg.rf.9a47f4b0d972ae5630ccf1225e629951.jpg,train,False
image036_jpg.jpg,train,image036_jpg.rf.b71d3d8dbb30846f65856318b0cd3e2f.jpg,test,False
image038_jpg.jpg,train,image038_jpg.rf.9f3b0b74d39160c7b207a4cddb3e187a.jpg,train,False
image038_jpg.jpg,train,image038_jpg.rf.d219d47ade4d38ef136158115a7f46f0.jpg,test,False
image038_jpg.jpg,train,image038_jpg.rf.f21a8ae23e00f1f26cd9a5c41bfcecea.jpg,train,False
image038_jpg.jpg,train,image038_jpg.rf.f931a1ffa6c5c4c8ff2216ffc61e48a0.jpg,train,False
image038_jpg.jpg,train,image038_jpg.rf.fa72f6043f5b4ffb680d614f546f72bc.jpg,train,False
image040_jpg.jpg,train,image040_jpg.rf.0f839c573a4e737cc47b32ec001bfdb9.jpg,test,False
image040_jpg.jpg,train,image040_jpg.rf.2734cbedfec33fa07c36f797354bfa73.jpg,train,False
image040_jpg.jpg,train,image040_jpg.rf.8416ec0d25ff4121b83f89b2f539d067.jpg,train,False
image040_jpg.jpg,train,image040_jpg.rf.bd6a25204d1608a4439b4d1d9db6feb0.jpg,train,False
image041_jpg.jpg,train,image041_jpg.rf.1f2c6103f796067e7065a08fd1351f7a.jpg,train,False
image041_jpg.jpg,train,image041_jpg.rf.bbd43650038f820c7d44dc54987bef33.jpg,train,False
image041_jpg.jpg,train,image041_jpg.rf.ceaf5a64fbc49405831a40ecaa6af81a.jpg,train,False
image041_jpg.jpg,train,image041_jpg.rf.d79c538a76b4e75fa3775bedd401777e.jpg,train,False
image041_jpg.jpg,train,image041_jpg.rf.f9d74a042533810e471e34be56b25d7a.jpg,train,False
image043_jpg.jpg,train,image043_jpg.rf.1d9e62010f2d36fc71aabe970febd9ec.jpg,train,False
image043_jpg.jpg,train,image043_jpg.rf.3ce522d2e7c3ee96a2b1352675b6aa4f.jpg,valid,False
image043_jpg.jpg,train,image043_jpg.rf.3e1065559d9652279ed79967687ab08c.jpg,valid,False
image043_jpg.jpg,train,image043_jpg.rf.4c1180ac270ed4bb126debc152ceead6.jpg,train,False
image044_jpg.jpg,train,image044_jpg.rf.4534e71936c391f7e63bf48299df3815.jpg,train,False
image044_jpg.jpg,train,image044_jpg.rf.632d02d0765390cdb11a6dddd45b8a2a.jpg,test,False
image044_jpg.jpg,train,image044_jpg.rf.76965f14dc17ade296da765fdd3845f4.jpg,train,False
image044_jpg.jpg,train,image044_jpg.rf.b4594a029a3fa7f4c204a5a0e1b6d34e.jpg,train,False
image044_jpg.jpg,train,image044_jpg.rf.fec8d62c05914ec81f8b7f880dd1fae6.jpg,test,False
image049_JPG.jpg,train,image049_JPG.rf.257d141ac0271c067c3ae61ed3dc96d4.jpg,test,False
image049_JPG.jpg,train,image049_JPG.rf.442f78e3ac9d1a22657760af9f09f291.jpg,valid,False
image049_JPG.jpg,train,image049_JPG.rf.8b168eb25527799ad62f8ed9c299dbf7.jpg,train,False
image049_JPG.jpg,train,image049_JPG.rf.92329e37df6bb766cc80c5407b37b03f.jpg,test,False
image049_JPG.jpg,train,image049_JPG.rf.ae0e449ce6c7ff10051d26550bd4b2e4.jpg,train,False
image051_JPG.jpg,train,image051_JPG.rf.13ad1f07397fdd1a9e3ebe42e985e8d7.jpg,train,False
image051_JPG.jpg,train,image051_JPG.rf.af679730631e047f4d587d647b8a6514.jpg,train,False
image051_JPG.jpg,train,image051_JPG.rf.b05930772df33f45168d25e2ed92d0d2.jpg,valid,False
image051_JPG.jpg,train,image051_JPG.rf.dc5b223553f8079c9a362dd4721430db.jpg,train,False
image051_JPG.jpg,train,image051_JPG.rf.fd7413135884e0f4d6ef247d83e46c32.jpg,valid,False
image052_JPG.jpg,train,image052_JPG.rf.165b412014b324e12e8f4c25c42a811d.jpg,test,False
image052_JPG.jpg,train,image052_JPG.rf.34e2fd2c6c689b185530e302cb9fea1f.jpg,train,False
image052_JPG.jpg,train,image052_JPG.rf.58d23adc4b8557c5e641f824d8edf103.jpg,train,False
image052_JPG.jpg,train,image052_JPG.rf.759478656f4e80a2b4a81c8973665424.jpg,train,False
image052_JPG.jpg,train,image052_JPG.rf.a4439e946d3f26afd1e992abdfe59e75.jpg,train,False
image053_JPG.jpg,train,image053_JPG.rf.03226f262820cefb3d7f1f6242cea4ff.jpg,train,False
image053_JPG.jpg,train,image053_JPG.rf.2086c4fa684178f3fd4b95521d829f7e.jpg,test,False
image053_JPG.jpg,train,image053_JPG.rf.afe5322f96d54d08e0bd8b35a77fe0c7.jpg,valid,False
image053_JPG.jpg,train,image053_JPG.rf.b0fd7430fae3eeee3b329ea59b940bd3.jpg,train,False
image053_JPG.jpg,train,image053_JPG.rf.caac288b3a26e364cfe0a2983988c8c1.jpg,train,False
image054_jpg.jpg,train,image054_jpg.rf.0d5b28810dee88c3e5858b0d47e77554.jpg,train,False
image054_jpg.jpg,train,image054_jpg.rf.31471f62c83f77cfa06f83020ae6c998.jpg,train,False
image054_jpg.jpg,train,image054_jpg.rf.b64b363c6314727e8be483014854fb3f.jpg,train,False
image054_jpg.jpg,train,image054_jpg.rf.c9d00a0c58b64b3796bd0df324c27b9a.jpg,train,False
image054_jpg.jpg,train,image054_jpg.rf.e6f04e8f9b0b0ccb4d106cfa6d8fb4e4.jpg,train,False
image056_jpg.jpg,train,image056_jpg.rf.ab11c4a45f894d40bb3309b0e66b50af.jpg,valid,False
image056_jpg.jpg,train,image056_jpg.rf.adb90aa05464c4c0193dba478d9fe484.jpg,train,False
image056_jpg.jpg,train,image056_jpg.rf.c24731bbabae43a68578593641c90cbb.jpg,train,False
image056_jpg.jpg,train,image056_jpg.rf.c8ea0a21cc10f035b2edb121402c08a2.jpg,test,False
image056_jpg.jpg,train,image056_jpg.rf.dbdc4ba636f8f3888416ae0f23400e17.jpg,test,False
image057_JPG.jpg,train,image057_JPG.rf.2e9fbaef915c6b3130ff00d1d1da8691.jpg,train,False
image057_JPG.jpg,train,image057_JPG.rf.410da973d25972c711b759db715c3770.jpg,train,False
image057_JPG.jpg,train,image057_JPG.rf.66a8a4f50fd26c112f3302af9c683516.jpg,train,False
image057_JPG.jpg,train,image057_JPG.rf.848107e05349145fe8ed27f0b71868cf.jpg,test,False
image057_JPG.jpg,train,image057_JPG.rf.befd24b1e471d243f887f1615883fb9c.jpg,train,False
image058_jpg.jpg,train,image058_jpg.rf.12a58514b08d739ff839c70e550608d6.jpg,train,False
image058_jpg.jpg,train,image058_jpg.rf.42ee9f001d975a9e628df7f1b59abac0.jpg,valid,False
image058_jpg.jpg,train,image058_jpg.rf.8cea26958ff326226f3284311c2a6044.jpg,train,False
image058_jpg.jpg,train,image058_jpg.rf.d1a3ed69699570d8975e3a889478afed.jpg,train,False
image058_jpg.jpg,train,image058_jpg.rf.ee58b71836710cfd090eafd385be73dc.jpg,train,False
image059_jpg.jpg,train,image059_jpg.rf.7067be6fa265d4c15f1830de0d3332e3.jpg,train,False
image059_jpg.jpg,train,image059_jpg.rf.72fda767be9f8f748f73949a14437ef5.jpg,train,False
image059_jpg.jpg,train,image059_jpg.rf.a14098c94dd7ffc5cf190e679c0605a1.jpg,valid,False
image059_jpg.jpg,train,image059_jpg.rf.d9bf8b7e22335b1a145f9467cd51c462.jpg,test,False
image059_jpg.jpg,train,image059_jpg.rf.e1b868c8f1dab171572a836729afa395.jpg,test,False
image060_JPG.jpg,train,image060_JPG.rf.18d5a30b367404f74f765edbe6ab67cd.jpg,valid,False
image060_JPG.jpg,train,image060_JPG.rf.1de3e5169ad5bad088561172735eedcc.jpg,train,False
image060_JPG.jpg,train,image060_JPG.rf.30e889be71b456b7495809cf6e2dc7b5.jpg,train,False
image060_JPG.jpg,train,image060_JPG.rf.52528e26fcf91c69eae3c8b6f55c5439.jpg,valid,False
image060_JPG.jpg,train,image060_JPG.rf.71bc4270d2c646e97e3e9ae9ec0ea618.jpg,train,False
image061_JPG.jpg,train,image061_JPG.rf.00e18ba894caecd5f2c686833f4316b2.jpg,train,False
image061_JPG.jpg,train,image061_JPG.rf.6f9c1be19fd92edbe0aabdcf857e81e0.jpg,train,False
image061_JPG.jpg,train,image061_JPG.rf.a9dbba04c55bccc19239c6f0ebc6691c.jpg,train,False
image061_JPG.jpg,train,image061_JPG.rf.aed60f193e29e37003ed133a6eda2e69.jpg,train,False
image061_JPG.jpg,train,image061_JPG.rf.e38488ace346b456be5d33dccf2a0e08.jpg,valid,False
image062_JPG.jpg,train,image062_JPG.rf.24e68b2b98608246ffa36e9b29be04d7.jpg,train,False
image062_JPG.jpg,train,image062_JPG.rf.59ede6d58e7add5f9df662c30326a38b.jpg,train,False
image062_JPG.jpg,train,image062_JPG.rf.75cff1d53d52b99c071b66de8101c8d5.jpg,train,False
image062_JPG.jpg,train,image062_JPG.rf.c6c6fa9bb18009da174d6856ae553320.jpg,train,False
image062_JPG.jpg,train,image062_JPG.rf.f8458b0c7535835cd8b4799cd71eeac5.jpg,test,False
image066_JPG.jpg,train,image066_JPG.rf.761351e70a7d37bc0b82b3ae5d3dc9a9.jpg,test,False
image066_JPG.jpg,train,image066_JPG.rf.b771fbb15da5a660ba47983a8c53a9b8.jpg,train,False
image066_JPG.jpg,train,image066_JPG.rf.be0700d4a8770efd16bef4e76cf46884.jpg,valid,False
image066_JPG.jpg,train,image066_JPG.rf.dd8321df6fd30702f1e360d938cc01c1.jpg,valid,False
image066_JPG.jpg,train,image066_JPG.rf.e8b6a0a52f275e83b2aa09bad6c602b0.jpg,train,False
image068_JPG.jpg,train,image068_JPG.rf.11229a9546e2e9d1c42bb46134188f5d.jpg,train,False
image068_JPG.jpg,train,image068_JPG.rf.20ae32727fb5d17bd472d8799a75de5f.jpg,train,False
image068_JPG.jpg,train,image068_JPG.rf.597e210885648c9e56f6cbbc274d04bf.jpg,test,False
image068_JPG.jpg,train,image068_JPG.rf.a5a20426c1606372f20246c3b10e3510.jpg,train,False
image068_JPG.jpg,train,image068_JPG.rf.eb3f90817482e9e2c98bb540bf54221e.jpg,train,False
image070_JPG.jpg,train,image070_JPG.rf.27663f41ab8379d50805a9f74db4ad5f.jpg,valid,False
image070_JPG.jpg,train,image070_JPG.rf.a724def8edb62a18f239a1499ff4b8f4.jpg,test,False
image070_JPG.jpg,train,image070_JPG.rf.c256038fa59b5e7bf155af7e3f7e1fa3.jpg,train,False
image070_JPG.jpg,train,image070_JPG.rf.ca5d6473d1add3d6b027c2010ff55d84.jpg,train,False
image070_JPG.jpg,train,image070_JPG.rf.cdbbf03f398485dc4b2b597cb348f799.jpg,train,False
image072_jpg.jpg,train,image072_jpg.rf.3ef42513ea1e6e452666efe3252bd16c.jpg,valid,False
image072_jpg.jpg,train,image072_jpg.rf.89d60c55b416fd71d7d4243768502a86.jpg,valid,False
image072_jpg.jpg,train,image072_jpg.rf.8eaafcbbc47df4711194eceb77055780.jpg,train,False
image072_jpg.jpg,train,image072_jpg.rf.bb95e4ec810e2448be7c954d0a6d1eb9.jpg,test,False
image072_jpg.jpg,train,image072_jpg.rf.cb29eac5204cc06fe56d4e70ed11a8ac.jpg,test,False
image073_jpg.jpg,train,image073_jpg.rf.4d6de0a2f537b834f0c54cd1a52698e1.jpg,train,False
image073_jpg.jpg,train,image073_jpg.rf.5913b3235bb28ecdfa918b721464a3a2.jpg,train,False
image073_jpg.jpg,train,image073_jpg.rf.b835ed957ccd33fd2f4a6e3e96d66010.jpg,train,False
image073_jpg.jpg,train,image073_jpg.rf.e84e64748df96bd3a06e69998ee741a2.jpg,train,False
image073_jpg.jpg,train,image073_jpg.rf.fc9969bff6054a13febf21f5f67e1d11.jpg,valid,False
image074_JPG.jpg,train,image074_JPG.rf.335f2604a778cf0b7c1886dd3eeb778c.jpg,train,False
image074_JPG.jpg,train,image074_JPG.rf.47d49163bb89113e856dd3784807eabf.jpg,test,False
image074_JPG.jpg,train,image074_JPG.rf.4e8603c345e66f56a76044a4bac2d611.jpg,train,False
image074_JPG.jpg,train,image074_JPG.rf.cc648e94c41aa0ca8880cb4122254754.jpg,valid,False
image074_JPG.jpg,train,image074_JPG.rf.ea4ea0e0e0657247e582dae88a710bd6.jpg,train,False
image076_JPG.jpg,train,image076_JPG.rf.2abc112f26d1368597c42b20f214bd0e.jpg,train,False
image076_JPG.jpg,train,image076_JPG.rf.30a495cdecc503b33bd5643fe8a59ec6.jpg,train,False
image076_JPG.jpg,train,image076_JPG.rf.81e4f65239b59262fc461de837ee9fac.jpg,train,False
image076_JPG.jpg,train,image076_JPG.rf.8296a5a71b164761f53b40e8bf4989e8.jpg,valid,False
image076_JPG.jpg,train,image076_JPG.rf.ed10ec50035cf802fd7943b27a4bada0.jpg,test,False
image078_jpg.jpg,train,image078_jpg.rf.17ff57d708df082b36514c2cd3a993ab.jpg,train,False
image078_jpg.jpg,train,image078_jpg.rf.900c2af0008b483052aac0646f46c46e.jpg,train,False
image078_jpg.jpg,train,image078_jpg.rf.a1594503b3059a508bb0be246634e1e9.jpg,train,False
image078_jpg.jpg,train,image078_jpg.rf.a1e5b1faa1e4b27b8d99e03e70acd7be.jpg,train,False
image078_jpg.jpg,train,image078_jpg.rf.db112000ac7b5a07540b9c4176a6343b.jpg,valid,False
image080_JPG.jpg,train,image080_JPG.rf.3ee0089b35c309423117fe2144cbc461.jpg,train,False
image080_JPG.jpg,train,image080_JPG.rf.50834db77527ef4c9aeb0358d4bb3cb9.jpg,train,False
image080_JPG.jpg,train,image080_JPG.rf.9ebb9280067b9e06f465c7a1328a19fa.jpg,valid,False
image080_JPG.jpg,train,image080_JPG.rf.a674052d948b4842fe7d5f11a12e1626.jpg,train,False
image080_JPG.jpg,train,image080_JPG.rf.f40f48d18be64e11caf0995af04ab0bb.jpg,train,False
image083_JPG.jpg,train,image083_JPG.rf.4a6e848ce2fdc24a43cbce173378f19d.jpg,train,False
image083_JPG.jpg,train,image083_JPG.rf.80de8c346c473e043baba4fb4ef7d6c9.jpg,train,False
image083_JPG.jpg,train,image083_JPG.rf.d4adcaeea995688a18de5a26a247c889.jpg,train,False
image083_JPG.jpg,train,image083_JPG.rf.ea6c2a30340107a18b822454da43a642.jpg,train,False
image084_JPG.jpg,train,image084_JPG.rf.39ecaf5c4ed1ec4a13153f65706fbc60.jpg,train,False
image084_JPG.jpg,train,image084_JPG.rf.427f5496b2e09fea658dc3079e38ff54.jpg,train,False
image084_JPG.jpg,train,image084_JPG.rf.6cd5ed7d15f9595c709aae5e932acf1c.jpg,valid,False
image084_JPG.jpg,train,image084_JPG.rf.c41a21f2d9a376a56996ee6e969e71ec.jpg,train,False
image086_JPG.jpg,train,image086_JPG.rf.2bf33b6b607e2cb06162b53efce1e62a.jpg,train,False
image086_JPG.jpg,train,image086_JPG.rf.42d2232c26e18e42ce9d601ccd736310.jpg,train,False
image086_JPG.jpg,train,image086_JPG.rf.81859c141a33ab320caf1562f5b85cc5.jpg,train,False
image086_JPG.jpg,train,image086_JPG.rf.af1508b88b926524fd1f93abf86b2cbc.jpg,train,False
image086_JPG.jpg,train,image086_JPG.rf.d28db741984d26ee8993427c611bf4e2.jpg,train,False
image087_JPG.jpg,train,image087_JPG.rf.24adfa15d33d4f81106a85ba9d643963.jpg,valid,False
image087_JPG.jpg,train,image087_JPG.rf.442eb7decc39d4547f2852dc8f28e260.jpg,valid,False
image087_JPG.jpg,train,image087_JPG.rf.4fc9535efc80b3b3d7ed9cd6c4e7956b.jpg,valid,False
image087_JPG.jpg,train,image087_JPG.rf.861aaacc194f54818f7d14e3f4fb61c6.jpg,train,False
image087_JPG.jpg,train,image087_JPG.rf.c4c62ae863662fdd45adf0a01cd7390e.jpg,train,False
image088_JPG.jpg,train,image088_JPG.rf.196493fb233d5a90ca8c96ec3c2e9f77.jpg,valid,False
image088_JPG.jpg,train,image088_JPG.rf.3921478cc328ebf49709b3cb39178ffd.jpg,train,False
image088_JPG.jpg,train,image088_JPG.rf.50b5a57aab0c45bbdc5495d943843789.jpg,train,False
image088_JPG.jpg,train,image088_JPG.rf.c6651dc41308db5e1607353c8b03a3b9.jpg,train,False
image088_JPG.jpg,train,image088_JPG.rf.cdafd2d4a8560763d1004940375e0aec.jpg,test,False
image091_JPG.jpg,train,image091_JPG.rf.050f8630bf465ce443e214a5321c01f6.jpg,valid,False
image091_JPG.jpg,train,image091_JPG.rf.2c7f02b14ee35015cff6be68fc7fcb17.jpg,train,False
image091_JPG.jpg,train,image091_JPG.rf.6f551484600083ba2549e2312fc3fa4a.jpg,train,False
image091_JPG.jpg,train,image091_JPG.rf.c530a36d3022f83ebe540e34b7e1037c.jpg,train,False
image091_JPG.jpg,train,image091_JPG.rf.cb82f40fc15170d5b1629114bbde2cb8.jpg,valid,False
image092_JPG.jpg,train,image092_JPG.rf.3e8d4d28cbf44df86915b3aef78087ee.jpg,test,False
image092_JPG.jpg,train,image092_JPG.rf.947585e37d7fb83b4f5a85163b74d242.jpg,test,False
image092_JPG.jpg,train,image092_JPG.rf.b34bd43a05d43a94f89e9bf9b339625e.jpg,train,False
image092_JPG.jpg,train,image092_JPG.rf.bbc1cea6ac11007c5899a105278ad0e2.jpg,train,False
image092_JPG.jpg,train,image092_JPG.rf.c516dfb8a89636089e3b9c2b990190d8.jpg,test,False
image093_JPG.jpg,train,image093_JPG.rf.2f1e3c235deffeb2639c6c303eac76c6.jpg,train,False
image093_JPG.jpg,train,image093_JPG.rf.3c4acae9df2d67fd8f43dbb167d8cff2.jpg,train,False
image093_JPG.jpg,train,image093_JPG.rf.5b7fee630d330f325c7b436ff8a825d5.jpg,train,False
image093_JPG.jpg,train,image093_JPG.rf.81013cbf23b0ed82986e3b4c49a1c578.jpg,train,False
image093_JPG.jpg,train,image093_JPG.rf.b8bf01df46c34a0c213badcfa8f9946c.jpg,train,False
image094_JPG.jpg,train,image094_JPG.rf.986d1b6bfe2ba5f686984fbb8fc23a7d.jpg,valid,False
image094_JPG.jpg,train,image094_JPG.rf.b94598a7f99afffcff1de6c051784180.jpg,train,False
image094_JPG.jpg,train,image094_JPG.rf.b9a71a5ed79a998a57284f4d8f5ca3f0.jpg,valid,False
image094_JPG.jpg,train,image094_JPG.rf.e13925f1f6e64481425f7945bae88c47.jpg,test,False
image096_JPG.jpg,train,image096_JPG.rf.3608e1ab55502a11f0506030222e890c.jpg,valid,False
image096_JPG.jpg,train,image096_JPG.rf.5e838bca6a63274036b6746dad431c5f.jpg,train,False
image096_JPG.jpg,train,image096_JPG.rf.69b19bb782588e4c5ba0f73b3f427f6e.jpg,train,False
image096_JPG.jpg,train,image096_JPG.rf.ccae70dec85a4eb0752da23bb92c4f8c.jpg,train,False
image096_JPG.jpg,train,image096_JPG.rf.ed9fd38f9996d5dbd0c3ecf061ec4a26.jpg,train,False
image097_JPG.jpg,train,image097_JPG.rf.077718a5e0634792c98ddab99ba8f053.jpg,valid,False
image097_JPG.jpg,train,image097_JPG.rf.6dc83d9f0356da62feeb138402d3db1e.jpg,train,False
image097_JPG.jpg,train,image097_JPG.rf.9099d28e195897caea9abca02d36efb5.jpg,train,False
image097_JPG.jpg,train,image097_JPG.rf.b7b1bfda323c4afe52ed402d44a97edc.jpg,train,False
image098_JPG.jpg,train,image098_JPG.rf.01b70ae9102fa90ead96dd3e567d5310.jpg,valid,False
image098_JPG.jpg,train,image098_JPG.rf.2c34b87decb2389e26aa9c22d147a651.jpg,train,False
image098_JPG.jpg,train,image098_JPG.rf.93d68a68a9db7f095c11da93efa19154.jpg,train,False
image098_JPG.jpg,train,image098_JPG.rf.9b8bc07d998ed7409a4b64e777307645.jpg,valid,False
image098_JPG.jpg,train,image098_JPG.rf.eb9d84fae06cce06491709574b28def9.jpg,train,False
image100_JPG.jpg,train,image100_JPG.rf.03a56aef86235a03086551dbaa9eeeb4.jpg,train,False
image100_JPG.jpg,train,image100_JPG.rf.2f5e9a6e76ccfb3687c9ed4ba675f4d8.jpg,test,False
image100_JPG.jpg,train,image100_JPG.rf.64cf6f5ac2d0946707a3ad6ad5f7c610.jpg,train,False
image100_JPG.jpg,train,image100_JPG.rf.7e3a126f8dd4984a7a4d8e1be50a3804.jpg,train,False
image100_JPG.jpg,train,image100_JPG.rf.f35f97fab39dfca5441342b4e1a85918.jpg,train,False
image105_JPG.jpg,train,image105_JPG.rf.5ac22d4037f223f05117764e892bb949.jpg,test,False
image105_JPG.jpg,train,image105_JPG.rf.73a45d8725be57686aa4551df405f861.jpg,valid,False
image105_JPG.jpg,train,image105_JPG.rf.b79c2317e2e44d38d5c011fa410e5d2b.jpg,train,False
image105_JPG.jpg,train,image105_JPG.rf.e69e99542b57a754d93ac7d190e85e04.jpg,valid,False
image105_JPG.jpg,train,image105_JPG.rf.f4cdf6056f4587580543cf67d6521785.jpg,valid,False
image106_JPG.jpg,train,image106_JPG.rf.4e5fdae994da8bb97e2ea57b73f2a5ad.jpg,train,False
image106_JPG.jpg,train,image106_JPG.rf.de7ced579f27443ea43ba2a0efbdb192.jpg,train,False
image106_JPG.jpg,train,image106_JPG.rf.f23cbf9f9716b5c5171d4d84cd6b5ba6.jpg,train,False
image106_JPG.jpg,train,image106_JPG.rf.f4e2579b9dc6a560acd968da08036a56.jpg,train,False
image106_JPG.jpg,train,image106_JPG.rf.fcb276b21cbba98ae39ccfe80f533088.jpg,train,False
image107_JPG.jpg,train,image107_JPG.rf.22d7e3a6dcfac480729d2c3caa095402.jpg,train,False
image107_JPG.jpg,train,image107_JPG.rf.7b4c03e989ad69d3603ee49218d1d437.jpg,train,False
image107_JPG.jpg,train,image107_JPG.rf.7bc19d2f867d91909bda19b65090f1a5.jpg,train,False
image107_JPG.jpg,train,image107_JPG.rf.bb7510424cc3fb7c3aa1785030999b5f.jpg,train,False
image107_JPG.jpg,train,image107_JPG.rf.fce1ac0a5e968c53eeebe2dfb82f8db9.jpg,valid,False
image108_JPG.jpg,train,image108_JPG.rf.49c42fc23d61282e2cc8984f14100231.jpg,valid,False
image108_JPG.jpg,train,image108_JPG.rf.77ddf2a177aa7844697ff9cd7f9c5d0b.jpg,train,False
image108_JPG.jpg,train,image108_JPG.rf.95e6c1d3cb2f19ffa8435492fe66b775.jpg,train,False
image108_JPG.jpg,train,image108_JPG.rf.97c3c93ee0d78f0a48f12a482bade3c5.jpg,train,False
image111_JPG.jpg,train,image111_JPG.rf.00dd848f7be160f32a704b3fbd9399d1.jpg,valid,False
image111_JPG.jpg,train,image111_JPG.rf.247e9518c91c6722ccaf79a4499118c0.jpg,train,False
image111_JPG.jpg,train,image111_JPG.rf.2eaa3a0b1288f7f96084ec6227e7f940.jpg,train,False
image111_JPG.jpg,train,image111_JPG.rf.72b9f58d2f5c6a5d3325f0cde722a1bf.jpg,train,False
image113_JPG.jpg,train,image113_JPG.rf.115fde275cdd233a25c761a5b8bd2b79.jpg,train,False
image113_JPG.jpg,train,image113_JPG.rf.20b03aa1d84cdc0de4e5689c1bfddca4.jpg,train,False
image113_JPG.jpg,train,image113_JPG.rf.30a546ac405752b4fe6630430b69f4b1.jpg,train,False
image113_JPG.jpg,train,image113_JPG.rf.633225129e3f47c92ba4e04af2ff809b.jpg,train,False
image113_JPG.jpg,train,image113_JPG.rf.afb29d1b9279b65f41c5c37c754e03a8.jpg,valid,False
image115_JPG.jpg,train,image115_JPG.rf.11276c359165b8f0cf7bfd2c363b36ea.jpg,valid,False
image115_JPG.jpg,train,image115_JPG.rf.4173d8c88a6ad2fc27209b03230ccb14.jpg,train,False
image115_JPG.jpg,train,image115_JPG.rf.587130a1f82adce518cf291bb71b8a18.jpg,train,False
image115_JPG.jpg,train,image115_JPG.rf.8bf5aa6b2082cc793ac9ff8447735c43.jpg,train,False
image115_JPG.jpg,train,image115_JPG.rf.8cf46678334ebde5eb2c93fbe281786c.jpg,train,False
image117_JPG.jpg,train,image117_JPG.rf.025f5a44244ba339a7e7b1c78bd4033d.jpg,train,False
image117_JPG.jpg,train,image117_JPG.rf.0e21c182e3f9f7476d1d643865bd5152.jpg,train,False
image117_JPG.jpg,train,image117_JPG.rf.122e0b946ac3c747ed2dc8a155ccd07f.jpg,valid,False
image117_JPG.jpg,train,image117_JPG.rf.20d3eb6badd95d3313c8eefa16ce6df5.jpg,train,False
image117_JPG.jpg,train,image117_JPG.rf.57adfe97e1e4cda62af1c8794428bb7b.jpg,train,False
image119_JPG.jpg,train,image119_JPG.rf.394984622c843c8361b910949663ab96.jpg,train,False
image119_JPG.jpg,train,image119_JPG.rf.3e7593c178596ad903344d10dd240ec7.jpg,train,False
image119_JPG.jpg,train,image119_JPG.rf.950b1f83dc2c7f87bb32f40ad4fa46db.jpg,test,False
image119_JPG.jpg,train,image119_JPG.rf.decb2724dfd7ecc501726e7bdb336520.jpg,train,False
image119_JPG.jpg,train,image119_JPG.rf.fcf62cf9e4fa42729786f99370cff501.jpg,train,False
image122_JPG.jpg,train,image122_JPG.rf.649fa93036fe0c5302a91ac67c89cdf7.jpg,train,False
image122_JPG.jpg,train,image122_JPG.rf.78546de9574e88f6a976e1b72a7af553.jpg,train,False
image122_JPG.jpg,train,image122_JPG.rf.c20c4e75656e2f3ec3267dbd663538e5.jpg,train,False
image122_JPG.jpg,train,image122_JPG.rf.d4e1b3410ef0901e056a40a33eb5d0e7.jpg,valid,False
image122_JPG.jpg,train,image122_JPG.rf.fe5d0941309c3fce9e7f756ce45bcea2.jpg,train,False
image123_JPG.jpg,train,image123_JPG.rf.14696071ffe88ba8576af494202fabb0.jpg,train,False
image123_JPG.jpg,train,image123_JPG.rf.2a4b74056dfb619406c58d90a5b6f98a.jpg,train,False
image123_JPG.jpg,train,image123_JPG.rf.5b7bac2ff9e7377477e813374a732b24.jpg,test,False
image123_JPG.jpg,train,image123_JPG.rf.b7ab3241802883edb9f40d1ed9dd76ff.jpg,train,False
image123_JPG.jpg,train,image123_JPG.rf.f885acf6039a7d67c5467c04afbd1f0f.jpg,test,False
image124_JPG.jpg,train,image124_JPG.rf.266720c2c1c80a019ac9918d639f037e.jpg,train,False
image124_JPG.jpg,train,image124_JPG.rf.981fc0d912f1e50e353cf6aef7cee254.jpg,train,False
image124_JPG.jpg,train,image124_JPG.rf.b8e36980a851d3d0b25ba78fd6a56b4c.jpg,train,False
image124_JPG.jpg,train,image124_JPG.rf.c2123db739f4b9c0719edcc84ae73989.jpg,train,False
image126_JPG.jpg,train,image126_JPG.rf.087ea36533a58547ec57018ce06f20c5.jpg,valid,False
image126_JPG.jpg,train,image126_JPG.rf.9abb2a1ed84edccf93bf95e54b48b61d.jpg,train,False
image126_JPG.jpg,train,image126_JPG.rf.a2c475ccbf2a085689eab11b86e57ed9.jpg,train,False
image126_JPG.jpg,train,image126_JPG.rf.cf1fd41ed5f5f22f9e93ed8b58959de3.jpg,valid,False
image129_JPG.jpg,train,image129_JPG.rf.0d6394a6dfb58ef7262210775f8c6db4.jpg,train,False
image129_JPG.jpg,train,image129_JPG.rf.93b06ceb4d277aac04a8067863885cb0.jpg,train,False
image129_JPG.jpg,train,image129_JPG.rf.9a8afaec931925aed9e191c46f260247.jpg,test,False
image129_JPG.jpg,train,image129_JPG.rf.aee4b5bd85ddd6adde655a3429d0c29a.jpg,train,False
image129_JPG.jpg,train,image129_JPG.rf.e92e5cb7d5227dd91c192af2c1bc917e.jpg,train,False
image130_JPG.jpg,train,image130_JPG.rf.1c76e7eaa3675eb5c4f771144d9f659b.jpg,train,False
image130_JPG.jpg,train,image130_JPG.rf.4632512cfe89c56db1a4dddb8d77dab3.jpg,valid,False
image130_JPG.jpg,train,image130_JPG.rf.74e86235d609fb67e8b20b948eda3b9a.jpg,train,False
image130_JPG.jpg,train,image130_JPG.rf.8052e58f283047c998c99ab00138612e.jpg,valid,False
image130_JPG.jpg,train,image130_JPG.rf.97726bc0743c3d06592af278df5ab163.jpg,valid,False
image131_JPG.jpg,train,image131_JPG.rf.78c889fb6a9604a1ebb4567cdc00e764.jpg,valid,False
image131_JPG.jpg,train,image131_JPG.rf.933d2b50e5292d2b9a43a5fa287100a7.jpg,train,False
image131_JPG.jpg,train,image131_JPG.rf.9fce48eed018f86fc8a5197a20449db7.jpg,valid,False
image131_JPG.jpg,train,image131_JPG.rf.f51bb32030a038ab0f46aee8e395056f.jpg,train,False
image132_JPG.jpg,train,image132_JPG.rf.1fae7a0a63674ad0b442976d9f1ca239.jpg,train,False
image132_JPG.jpg,train,image132_JPG.rf.711aff8b4b333ae5a6aab32703a7213c.jpg,valid,False
image132_JPG.jpg,train,image132_JPG.rf.928d80bef52d705e5a8285b86241815b.jpg,train,False
image132_JPG.jpg,train,image132_JPG.rf.e18ad241ed9c028575839bb81f888729.jpg,train,False
image134_JPG.jpg,train,image134_JPG.rf.409105ca55733f21959f4d45c416b8fd.jpg,train,False
image134_JPG.jpg,train,image134_JPG.rf.4b0052a60170ab6a3e03f0857eb04bdf.jpg,valid,False
image134_JPG.jpg,train,image134_JPG.rf.5db78d74705dd364ec6685396b0a6242.jpg,valid,False
image134_JPG.jpg,train,image134_JPG.rf.72fc22592b8b0e60a1e5cdc94b49e978.jpg,train,False
image134_JPG.jpg,train,image134_JPG.rf.cac9c263ec40df1f512a52d5e616bc65.jpg,train,False
image135_JPG.jpg,train,image135_JPG.rf.6c926f10e74dbbe6e216e0eee5b4dfa3.jpg,valid,False
image135_JPG.jpg,train,image135_JPG.rf.81b10646fce69dcf9fe47ee4ab1643d7.jpg,valid,False
image135_JPG.jpg,train,image135_JPG.rf.8a531dbb59796f1ef7a9669a83a53030.jpg,train,False
image135_JPG.jpg,train,image135_JPG.rf.e796f1d73a0a96534c54c0bb3320b76b.jpg,train,False
image135_JPG.jpg,train,image135_JPG.rf.eec2884e60461ac07ee833874c65738c.jpg,train,False
image136_JPG.jpg,train,image136_JPG.rf.0ef2eb5296279000d208ae3e3b31eef4.jpg,train,False
image136_JPG.jpg,train,image136_JPG.rf.54b0ca8942bd94cb72e4a56c8e5e5f0a.jpg,train,False
image136_JPG.jpg,train,image136_JPG.rf.5fc9cc2bdcd5df57f63155c7b18cd0c7.jpg,valid,False
image136_JPG.jpg,train,image136_JPG.rf.64f00bc5686c01eb91366d39e6176b24.jpg,valid,False
image136_JPG.jpg,train,image136_JPG.rf.b21b76714e4a628c2c868357778dbdb1.jpg,train,False
image138_JPG.jpg,train,image138_JPG.rf.58c37192579dc983c3497bacebf65b0c.jpg,train,False
image138_JPG.jpg,train,image138_JPG.rf.6e8f279c527e1f85c4116a5051fe69c2.jpg,valid,False
image138_JPG.jpg,train,image138_JPG.rf.77b40ed05bb8a89d839ec0a320d6d4eb.jpg,train,False
image138_JPG.jpg,train,image138_JPG.rf.c037217275472d980445284f8ff23db4.jpg,train,False
image138_JPG.jpg,train,image138_JPG.rf.dd58944f5374cb224b74cdb7b47dd78d.jpg,train,False
image142_JPG.jpg,train,image142_JPG.rf.0402470410ecf7b35b68056c39cc07f3.jpg,train,False
image142_JPG.jpg,train,image142_JPG.rf.111ef147901c2cfa360aa756a2441193.jpg,train,False
image142_JPG.jpg,train,image142_JPG.rf.30fae7bdc2d89aa4d2a106af312f4f33.jpg,train,False
image142_JPG.jpg,train,image142_JPG.rf.709cacc21a2ed20ebc1bd7bdddba3ce4.jpg,valid,False
image142_JPG.jpg,train,image142_JPG.rf.cbf59042bc1716ee2a4a1deff6e3c025.jpg,train,False
image143_JPG.jpg,train,image143_JPG.rf.01dc8839119ba7dcf3d9096b92bbe712.jpg,valid,False
image143_JPG.jpg,train,image143_JPG.rf.083863d99b5c727a9929ad4de0f8e408.jpg,train,False
image143_JPG.jpg,train,image143_JPG.rf.2d17802062006d92c322d30bd2c1f66d.jpg,train,False
image143_JPG.jpg,train,image143_JPG.rf.bcac5386c342622dd776bff626f283b1.jpg,train,False
image143_JPG.jpg,train,image143_JPG.rf.d7052b6cb7e606a3efb5bc81f5f507c1.jpg,valid,False
image145_JPG.jpg,train,image145_JPG.rf.19b700a91ec1cff7214957fe437ae44e.jpg,train,False
image145_JPG.jpg,train,image145_JPG.rf.2bf0442a0e68714e94b01508c006d0e6.jpg,train,False
image145_JPG.jpg,train,image145_JPG.rf.45ed724816678b0d7942a553a5f35bd1.jpg,train,False
image145_JPG.jpg,train,image145_JPG.rf.b74c5ad976020a706c1bd295352de11f.jpg,train,False
image145_JPG.jpg,train,image145_JPG.rf.f8f52d7f5ad77c85a92b1ebe6609b313.jpg,train,False
image149_JPG.jpg,train,image149_JPG.rf.000e1cb261488cdbdd3bb2c2ba653a79.jpg,train,False
image149_JPG.jpg,train,image149_JPG.rf.25d73b417a849490ad62b4c15267e308.jpg,train,False
image149_JPG.jpg,train,image149_JPG.rf.2a00801074e4f71a4f1e1eb90f702e41.jpg,valid,False
image149_JPG.jpg,train,image149_JPG.rf.67642dc1400409a4f92cd68e7c98fef5.jpg,valid,False
image149_JPG.jpg,train,image149_JPG.rf.78a8762efb4b7858d398e0c5572bc7af.jpg,train,False
image152_JPG.jpg,train,image152_JPG.rf.12977dcbf4292589a4605bfabc3c29f1.jpg,train,False
image152_JPG.jpg,train,image152_JPG.rf.1d0978eee9d3489870190b9305672238.jpg,train,False
image152_JPG.jpg,train,image152_JPG.rf.6040b21977bce01d44398976a9d22ffb.jpg,valid,False
image152_JPG.jpg,train,image152_JPG.rf.718bc7a131abd191d6a38b801cb09131.jpg,train,False
image152_JPG.jpg,train,image152_JPG.rf.cc5bab8583f0377c0043f36e4df1d8ad.jpg,train,False
image153_JPG.jpg,train,image153_JPG.rf.7b515545e5548ef45f3d43d131cdce8f.jpg,train,False
image153_JPG.jpg,train,image153_JPG.rf.a63d9e6ac8208babc1d4209d9ed0b44b.jpg,train,False
image153_JPG.jpg,train,image153_JPG.rf.b64f4fc41b4a7ce531e0eed1997dc858.jpg,train,False
image153_JPG.jpg,train,image153_JPG.rf.c8aa7e171d4dea87fe05007013e7cfe5.jpg,train,False
image153_JPG.jpg,train,image153_JPG.rf.fc35a88cd91bfc09c18f81e225626acd.jpg,train,False
image155_JPG.jpg,train,image155_JPG.rf.006f454ef5365b84374d8cdfc4c7c243.jpg,train,False
image155_JPG.jpg,train,image155_JPG.rf.24d2c6edbd57074510c4b425bc2bbb04.jpg,valid,False
image155_JPG.jpg,train,image155_JPG.rf.30f1062e61cbae152a6a8f15afa059bb.jpg,train,False
image155_JPG.jpg,train,image155_JPG.rf.4fe2a890b3f6c542751319435047a440.jpg,train,False
image155_JPG.jpg,train,image155_JPG.rf.b553f50908f907cd743c61faf1238542.jpg,train,False
image156_JPG.jpg,train,image156_JPG.rf.118f8acceb7e8bf2904fb7337d40d122.jpg,train,False
image156_JPG.jpg,train,image156_JPG.rf.1bd2c4fbd8b5f6164377e5f6afbe645c.jpg,train,False
image156_JPG.jpg,train,image156_JPG.rf.3f86a8ef05d5bfcbfac0fd105735b8a7.jpg,train,False
image156_JPG.jpg,train,image156_JPG.rf.5127bc56c0d7040d6b4af9cc4aa7b6bc.jpg,valid,False
image156_JPG.jpg,train,image156_JPG.rf.db494a207d6eeddc3d2bfa1a5fb6b6fe.jpg,test,False
image157_JPG.jpg,train,image157_JPG.rf.36729164aead4a6aac6ed6c78a843e88.jpg,test,False
image157_JPG.jpg,train,image157_JPG.rf.3a6c3d960e140a77b898176f7e71f947.jpg,train,False
image157_JPG.jpg,train,image157_JPG.rf.5441a81f44eff11dc459b267abc89750.jpg,train,False
image157_JPG.jpg,train,image157_JPG.rf.5c76d7c64be921d419756d9ece65422e.jpg,valid,False
image157_JPG.jpg,train,image157_JPG.rf.da7b3f0590d80e2cedf3a8897cfbe785.jpg,train,False
image158_JPG.jpg,train,image158_JPG.rf.3082577296db85e3bb8fb4e95e90e38f.jpg,train,False
image158_JPG.jpg,train,image158_JPG.rf.71e0d7a68e4bfea674e84857c7573b86.jpg,valid,False
image158_JPG.jpg,train,image158_JPG.rf.7737d44bab5907bf9a8b54fdcc37d643.jpg,train,False
image158_JPG.jpg,train,image158_JPG.rf.969c291d84869d9e742bba5729fc8d8a.jpg,valid,False
image158_JPG.jpg,train,image158_JPG.rf.98ad9a37345d9c651a464692ba05343f.jpg,train,False
image160_JPG.jpg,train,image160_JPG.rf.14aa8acd8d1aee6e7173ef7f9c7cad8d.jpg,train,False
image160_JPG.jpg,train,image160_JPG.rf.3af58eedb9f5ad4cf33622df3ecbedb1.jpg,train,False
image160_JPG.jpg,train,image160_JPG.rf.a1c9c916e4fc0a13e27e7238b80343cd.jpg,train,False
image160_JPG.jpg,train,image160_JPG.rf.b29ab0bb67046ce3c8c36699a8469557.jpg,train,False
image161_JPG.jpg,train,image161_JPG.rf.001ba84d113dc3f99c47e31eacbce0d7.jpg,train,False
image161_JPG.jpg,train,image161_JPG.rf.1e33d9a7b484f2008339cba0140040ee.jpg,valid,False
image161_JPG.jpg,train,image161_JPG.rf.2df5a3fe30a363f4922bb2fcc41fd41a.jpg,valid,False
image161_JPG.jpg,train,image161_JPG.rf.50e9b5d97ff09255f6f37ddea36b7cd2.jpg,train,False
image161_JPG.jpg,train,image161_JPG.rf.bfb24e212fd8965ec0522720b6b272b4.jpg,train,False
image162_JPG.jpg,train,image162_JPG.rf.6a26aca2f6cda1405c66ef178aa3751e.jpg,train,False
image162_JPG.jpg,train,image162_JPG.rf.7d67f5d3afbe574c81bcfaee3e7d4d81.jpg,train,False
image162_JPG.jpg,train,image162_JPG.rf.99f37dd1aa185b01227fe43c032124c0.jpg,valid,False
image162_JPG.jpg,train,image162_JPG.rf.d348450a864715bc7030bc749d046faa.jpg,train,False
image162_JPG.jpg,train,image162_JPG.rf.eb36d54e28b7d3d5973a804c059b7ad4.jpg,train,False
image163_JPG.jpg,train,image163_JPG.rf.04a5181ab21ddc4850863b3acda782b1.jpg,valid,False
image163_JPG.jpg,train,image163_JPG.rf.0c3ea74791725b3858d992695fc19335.jpg,test,False
image163_JPG.jpg,train,image163_JPG.rf.2f95d75c03a2bf08e1b01e8c606c36a2.jpg,valid,False
image163_JPG.jpg,train,image163_JPG.rf.d2a26ae5ce6539d70a842c2001d2a87c.jpg,train,False
image163_JPG.jpg,train,image163_JPG.rf.e1f93ebb5845c2866608b795dd556089.jpg,valid,False
image164_JPG.jpg,train,image164_JPG.rf.170af7d05573c0dc4f2e4586b67ec491.jpg,valid,False
image164_JPG.jpg,train,image164_JPG.rf.1888a9c7f5605293112d596181d49927.jpg,train,False
image164_JPG.jpg,train,image164_JPG.rf.1eee7b7d18ab9c9b2b4c230e46e4c692.jpg,valid,False
image164_JPG.jpg,train,image164_JPG.rf.e1989473e0178dd9c3b311dce1e44604.jpg,valid,False
image164_JPG.jpg,train,image164_JPG.rf.e6c95eedb4bbabf317f3374f241c3913.jpg,train,False
image166_JPG.jpg,train,image166_JPG.rf.0c48d2e46628d113a8ad413b81664634.jpg,train,False
image166_JPG.jpg,train,image166_JPG.rf.1ca74a2d7218b28e5a71c355e85e4ebb.jpg,train,False
image166_JPG.jpg,train,image166_JPG.rf.25fb2cc499795166c57b67f35653dd49.jpg,train,False
image166_JPG.jpg,train,image166_JPG.rf.5b4d82ac4227d600daaebe2bd28ad104.jpg,train,False
image166_JPG.jpg,train,image166_JPG.rf.dc3ed68afb52766574d69c9ea3b255ae.jpg,valid,False
image167_JPG.jpg,train,image167_JPG.rf.28b72de263eec89a2a8a746536a6c6dd.jpg,valid,False
image167_JPG.jpg,train,image167_JPG.rf.380c1a219154c52b35e3072d6ede23bf.jpg,train,False
image167_JPG.jpg,train,image167_JPG.rf.7a8fb9a9510fa0c260816e627a2d845b.jpg,valid,False
image167_JPG.jpg,train,image167_JPG.rf.9f4a4ded8ede7ca2c11d76dc4c346911.jpg,train,False
image167_JPG.jpg,train,image167_JPG.rf.a24f3e62577c6b6bcc3ebdf98d69abd2.jpg,valid,False
image171_JPG.jpg,train,image171_JPG.rf.109d8156fb32c712764de98255192161.jpg,train,False
image171_JPG.jpg,train,image171_JPG.rf.11bd27ca1b90e47fa90d14cc3c4efa7c.jpg,train,False
image171_JPG.jpg,train,image171_JPG.rf.55f138a3ef5bd6de2bac87fad1e4ab40.jpg,train,False
image171_JPG.jpg,train,image171_JPG.rf.af0dfc482bb4168689fbddd91563eda0.jpg,train,False
image171_JPG.jpg,train,image171_JPG.rf.e8cd4f4ee357e3ed2e854b15e4443f60.jpg,train,False
image172_JPG.jpg,train,image172_JPG.rf.35b0a6e57c804b15f08aba09c0828094.jpg,valid,False
image172_JPG.jpg,train,image172_JPG.rf.498467160973b7c31ebf6d6e91efbfeb.jpg,test,False
image172_JPG.jpg,train,image172_JPG.rf.542c8ede553e1c2a7c047d937fe6495c.jpg,train,False
image172_JPG.jpg,train,image172_JPG.rf.cb5c13f7556c2b3dd93be6bdc82083d4.jpg,train,False
image172_JPG.jpg,train,image172_JPG.rf.f955bf06dcc27bbbd347c50b255888bd.jpg,train,False
image173_JPG.jpg,train,image173_JPG.rf.44fc46bb31ee8660b9a00537cd7d315b.jpg,train,False
image173_JPG.jpg,train,image173_JPG.rf.51889021d0bb803ffe13c56e65582053.jpg,train,False
image173_JPG.jpg,train,image173_JPG.rf.72dae8bd1bb66b264b7bebceae405f09.jpg,test,False
image173_JPG.jpg,train,image173_JPG.rf.7f730431aca56ad422666293df104433.jpg,train,False
image173_JPG.jpg,train,image173_JPG.rf.f5db1c2a9ca7b07ad5bc2cf67d36a5c3.jpg,train,False
image174_JPG.jpg,train,image174_JPG.rf.08bbf0d76a98853a46ced0e911a7cf85.jpg,valid,False
image174_JPG.jpg,train,image174_JPG.rf.18c096071d20e4b69fa80cf85c406475.jpg,train,False
image174_JPG.jpg,train,image174_JPG.rf.54efe6703299ef00319a35e4c90453f3.jpg,test,False
image174_JPG.jpg,train,image174_JPG.rf.d791688817f7f140c756398f3f8db536.jpg,valid,False
image174_JPG.jpg,train,image174_JPG.rf.dee4185b789472884a81fa1763247a4b.jpg,train,False
image175_JPG.jpg,train,image175_JPG.rf.35e39056d717d24774b1b5becaa91ff1.jpg,train,False
image175_JPG.jpg,train,image175_JPG.rf.4409d6be4e60e0aa8484ecba62162c4d.jpg,test,False
image175_JPG.jpg,train,image175_JPG.rf.59b048da33afa38907541629e2e9b067.jpg,train,False
image175_JPG.jpg,train,image175_JPG.rf.c0f6b0cd406251fe3af2b0bec4f987d6.jpg,train,False
image177_JPG.jpg,train,image177_JPG.rf.0c8406ce0af086c7ccc450387aaee098.jpg,valid,False
image177_JPG.jpg,train,image177_JPG.rf.31876ebe60ff20552dd14548d62fd981.jpg,train,False
image177_JPG.jpg,train,image177_JPG.rf.521fe29195eb7f10d3790b47dd163e8d.jpg,train,False
image177_JPG.jpg,train,image177_JPG.rf.64f838ded2416e8c8344dfac40fb5eb2.jpg,valid,False
image177_JPG.jpg,train,image177_JPG.rf.82fb2b1c874ce9bdc6f1e36731f0f4b1.jpg,train,False
image179_JPG.jpg,train,image179_JPG.rf.2722f922f51f5f36ef7c24389349ed04.jpg,train,False
image179_JPG.jpg,train,image179_JPG.rf.3ee61942db8e1ec22d7b68758026bbd6.jpg,train,False
image179_JPG.jpg,train,image179_JPG.rf.3f11cea851fb027501224426ca8ad390.jpg,test,False
image179_JPG.jpg,train,image179_JPG.rf.68f872e725d3c7cc1122b6aa47152dec.jpg,train,False
image179_JPG.jpg,train,image179_JPG.rf.d7edc6544303bbc1da91e14e7924a073.jpg,train,False
image181_JPG.jpg,train,image181_JPG.rf.078708e5125738879c382d5cb736508f.jpg,valid,False
image181_JPG.jpg,train,image181_JPG.rf.2171e12673924a3f806ec08f3d891659.jpg,train,False
image181_JPG.jpg,train,image181_JPG.rf.4c64b9270b7f19c850d23d5030604105.jpg,train,False
image181_JPG.jpg,train,image181_JPG.rf.5e1b76897a76dc367c09b7ba8e9f4a88.jpg,train,False
image181_JPG.jpg,train,image181_JPG.rf.cfbc2ce932c73d66af138f19add9c140.jpg,train,False
image184_JPG.jpg,train,image184_JPG.rf.0ccb79a68c068026ccf3e70b647bba86.jpg,train,False
image184_JPG.jpg,train,image184_JPG.rf.22c9dfd204246ea699a44a7379fdbf01.jpg,valid,False
image184_JPG.jpg,train,image184_JPG.rf.3044f996ed93b9ef59b59e214f94e2f5.jpg,train,False
image184_JPG.jpg,train,image184_JPG.rf.acfda99009ddeb60a15bfc69ba843e1b.jpg,train,False
image184_JPG.jpg,train,image184_JPG.rf.bb83e29aaafbb487c3e0523fe6cdad82.jpg,valid,False
image185_JPG.jpg,train,image185_JPG.rf.775ba748db441ba6e21ab95fc33dde2b.jpg,valid,False
image185_JPG.jpg,train,image185_JPG.rf.94ee5bdb7dd7d83b69f9d27ef54715eb.jpg,valid,False
image185_JPG.jpg,train,image185_JPG.rf.ae3f2ba71d5d7b6d9dc6e9af79576a6b.jpg,valid,False
image185_JPG.jpg,train,image185_JPG.rf.bff7c522b3ada84a63eb7b978840bee2.jpg,train,False
image185_JPG.jpg,train,image185_JPG.rf.cd9f22a946ec585111aec56d1d82c7a8.jpg,valid,False
image186_JPG.jpg,train,image186_JPG.rf.0be682cb5c223a83e170f14b39f3ad11.jpg,train,False
image186_JPG.jpg,train,image186_JPG.rf.1437da99c518e070d8cfbdb124ad40c4.jpg,train,False
image186_JPG.jpg,train,image186_JPG.rf.35537e3ac685a1d2d04f10ccd5bc2b38.jpg,valid,False
image186_JPG.jpg,train,image186_JPG.rf.c71a1ebd88f68829c06ba2a78fb98336.jpg,train,False
image186_JPG.jpg,train,image186_JPG.rf.c9bbb62f6b86ab841f87a74ef157c707.jpg,train,False
image187_JPG.jpg,train,image187_JPG.rf.1f61d07ec5b9b1630d04cae4ef445585.jpg,train,False
image187_JPG.jpg,train,image187_JPG.rf.381bcec7251f59f9f87d3e383dd541f2.jpg,train,False
image187_JPG.jpg,train,image187_JPG.rf.cf3875784abe38d60249f6ecfcdd336d.jpg,train,False
image187_JPG.jpg,train,image187_JPG.rf.fa1bc1be6466ce4a9fb0e53ee1860cfe.jpg,valid,False
image188_JPG.jpg,train,image188_JPG.rf.038f80635f78335b9153361f190f85bb.jpg,train,False
image188_JPG.jpg,train,image188_JPG.rf.a7b947cd52b094f149648590ae97563f.jpg,train,False
image188_JPG.jpg,train,image188_JPG.rf.b447a16331d5fc54fc14a001c596a92a.jpg,train,False
image188_JPG.jpg,train,image188_JPG.rf.cecd9ff75a99d4df58531ebc2006f581.jpg,train,False
image188_JPG.jpg,train,image188_JPG.rf.d1aacab0d1459da435230d542c4ffbe1.jpg,train,False
image191_JPG.jpg,train,image191_JPG.rf.33502ab6d190f142341bb0058e339f09.jpg,train,False
image191_JPG.jpg,train,image191_JPG.rf.33a1dda58580009b68a53fdf875ef818.jpg,train,False
image191_JPG.jpg,train,image191_JPG.rf.6c462a005a1ce6433cb1f9520fcd8a73.jpg,valid,False
image191_JPG.jpg,train,image191_JPG.rf.7ac8c0c56561f38632d110a557ca4749.jpg,train,False
image191_JPG.jpg,train,image191_JPG.rf.a344810d035d2facdf391e7cbd2c5c25.jpg,valid,False
image192_JPG.jpg,train,image192_JPG.rf.2f12523369a395556c34e036860cc73f.jpg,train,False
image192_JPG.jpg,train,image192_JPG.rf.9fc33822cd5c646bb04454183fc63c49.jpg,train,False
image192_JPG.jpg,train,image192_JPG.rf.a5d33219f5a8ceb554594c3a9a84043c.jpg,test,False
image192_JPG.jpg,train,image192_JPG.rf.bdc9307357be79344bb1d08ffa69e103.jpg,train,False
image192_JPG.jpg,train,image192_JPG.rf.d9bddc924c07e38e1c03db69f13e1293.jpg,train,False
image193_JPG.jpg,train,image193_JPG.rf.71ee15001232cb3cbb92f5b5b9f3a380.jpg,train,False
image193_JPG.jpg,train,image193_JPG.rf.806865bcc460b09d4fbeaa076a44ad59.jpg,test,False
image193_JPG.jpg,train,image193_JPG.rf.b9cf6da09b3c767d1a04fc02e22b307f.jpg,train,False
image193_JPG.jpg,train,image193_JPG.rf.f3c64206e2fd9c9fcf76fa24353d4fa8.jpg,train,False
image193_JPG.jpg,train,image193_JPG.rf.ffab9696c662691ca4aa05aa1787f5a0.jpg,train,False
image194_JPG.jpg,train,image194_JPG.rf.4d973df3129f9e66022229597cf03b04.jpg,train,False
image194_JPG.jpg,train,image194_JPG.rf.79d62ee8101185f7acd81af58fac3207.jpg,train,False
image194_JPG.jpg,train,image194_JPG.rf.90390c14ff299ad38152a21a0d43862f.jpg,valid,False
image194_JPG.jpg,train,image194_JPG.rf.9e9cb4297dd6bd7867ea97267deafaea.jpg,train,False
image194_JPG.jpg,train,image194_JPG.rf.fba99a036c519acf09bd522215869fbc.jpg,train,False
image197_JPG.jpg,train,image197_JPG.rf.16badf098b1f216a1c552f4296b18246.jpg,valid,False
image197_JPG.jpg,train,image197_JPG.rf.30c6e8359ea5339225d9ddd6c74da5ec.jpg,valid,False
image197_JPG.jpg,train,image197_JPG.rf.7b32cc1d153e7b428866f14a3e109abe.jpg,train,False
image197_JPG.jpg,train,image197_JPG.rf.a73cb103b420d7140cbe9d8311400918.jpg,train,False
image197_JPG.jpg,train,image197_JPG.rf.c2c81f64c93d3f9e598c70d78ac852e1.jpg,train,False
image199_JPG.jpg,train,image199_JPG.rf.3ed7880afbd0a57f7aa0c085043f322d.jpg,train,False
image199_JPG.jpg,train,image199_JPG.rf.414319132411b055fc672d3235984197.jpg,test,False
image199_JPG.jpg,train,image199_JPG.rf.5548287f578aa5efee0c91265c4215c7.jpg,valid,False
image199_JPG.jpg,train,image199_JPG.rf.80fa0eef63faeec282fd44c2cb2406aa.jpg,train,False
image199_JPG.jpg,train,image199_JPG.rf.a0138861d3dea2bd3a85a70dcfb5b2bc.jpg,valid,False
image200_JPG.jpg,train,image200_JPG.rf.5261f3f7160331b43af1d825e9fc2b8c.jpg,train,False
image200_JPG.jpg,train,image200_JPG.rf.68f4cff8c3f7d895577dc7f9c0cb2d76.jpg,train,False
image200_JPG.jpg,train,image200_JPG.rf.73502b89fe6547e1ca0728ebf6081810.jpg,train,False
image200_JPG.jpg,train,image200_JPG.rf.8f981d664e4f8c1d00452c6a63ed08de.jpg,train,False
image200_JPG.jpg,train,image200_JPG.rf.948b2d6c65a9f7203affb3bd662597c7.jpg,train,False
image202_JPG.jpg,train,image202_JPG.rf.2abe2108326f7b3bfe9ec530c0df7044.jpg,train,False
image202_JPG.jpg,train,image202_JPG.rf.4e399a3dc0e9991d3f255c019fa59160.jpg,train,False
image202_JPG.jpg,train,image202_JPG.rf.853ffb2f07eccde2442d573e55cc07ee.jpg,test,False
image202_JPG.jpg,train,image202_JPG.rf.be146fdcd18367dcf28f1efe530b1daf.jpg,test,False
image202_JPG.jpg,train,image202_JPG.rf.d0234571887c8107e64fbe0367dd899e.jpg,valid,False
image203_JPG.jpg,train,image203_JPG.rf.2802ac57b9682b96074d07b16a995464.jpg,train,False
image203_JPG.jpg,train,image203_JPG.rf.798cd1b6ae9995760f3ec53d9b1496ce.jpg,train,False
image203_JPG.jpg,train,image203_JPG.rf.8d876716aed15f776328ff45b87d42d1.jpg,test,False
image203_JPG.jpg,train,image203_JPG.rf.d6a4fbefeab2f64f548526cd02c2f19e.jpg,train,False
image203_JPG.jpg,train,image203_JPG.rf.d77f3604060889123c13280e0eefec85.jpg,train,False
image210_JPG.jpg,train,image210_JPG.rf.58d181f5015c8798b26d4c4b7dc136cd.jpg,valid,False
image210_JPG.jpg,train,image210_JPG.rf.6e245438794f2d18a2cc5bc912cd8615.jpg,train,False
image210_JPG.jpg,train,image210_JPG.rf.b335371fbf8eee367f879f209a68e017.jpg,train,False
image210_JPG.jpg,train,image210_JPG.rf.ce833e3f9b008f211271f34a43cbdebc.jpg,valid,False
image212_JPG.jpg,train,image212_JPG.rf.8322b694ec811e53d2f5ba65c6917504.jpg,train,False
image212_JPG.jpg,train,image212_JPG.rf.88ef3a6f2b225b64f92e39632c56e800.jpg,train,False
image212_JPG.jpg,train,image212_JPG.rf.e20a7a1f2683fc47ac19abe837578448.jpg,train,False
image212_JPG.jpg,train,image212_JPG.rf.e890cd5dfd9835852cdded3b8b09a2f1.jpg,train,False
image213_JPG.jpg,train,image213_JPG.rf.57f3f766246e6100c67e345ed2814ea0.jpg,valid,False
image213_JPG.jpg,train,image213_JPG.rf.65934be4cf235294fe7109845bb950f0.jpg,valid,False
image213_JPG.jpg,train,image213_JPG.rf.99b9c0d48fa4f93c24eecaadd3e1abc4.jpg,train,False
image213_JPG.jpg,train,image213_JPG.rf.cb5b82612e8cd39b31e18efa364921ce.jpg,train,False
image213_JPG.jpg,train,image213_JPG.rf.e647f24622ea08e0eb2863ace3909309.jpg,test,False
image215_JPG.jpg,train,image215_JPG.rf.265c101a86d8e8c9c87e8b49d1bebad5.jpg,train,False
image215_JPG.jpg,train,image215_JPG.rf.2a99454753479c198353709d1e09874c.jpg,train,False
image215_JPG.jpg,train,image215_JPG.rf.c25d299be3e98419de736399294606c5.jpg,valid,False
image215_JPG.jpg,train,image215_JPG.rf.d0be52fcde3f807fcd45dde9ff25bfc1.jpg,train,False
image215_JPG.jpg,train,image215_JPG.rf.f5f8f89d393c9721b5faabf6c54cb82d.jpg,train,False
image216_JPG.jpg,train,image216_JPG.rf.1dbea823451ad6027436d70edf70edc1.jpg,train,False
image216_JPG.jpg,train,image216_JPG.rf.b97b47ecca13482845a45d4a9433005f.jpg,train,False
image216_JPG.jpg,train,image216_JPG.rf.e203b230fc69cdc89c6b0cda94120d2c.jpg,train,False
image216_JPG.jpg,train,image216_JPG.rf.f62d2b6024866ff6feeb0961719b9c8c.jpg,test,False
image218_JPG.jpg,train,image218_JPG.rf.0c48ffcafebcdf4be02530b4c41c3648.jpg,train,False
image218_JPG.jpg,train,image218_JPG.rf.5831c24e17e8ed66897b9d70eff7d983.jpg,train,False
image218_JPG.jpg,train,image218_JPG.rf.599e3ab2d5d1c796f42a905344fa3cbb.jpg,valid,False
image218_JPG.jpg,train,image218_JPG.rf.bd639b06fe8e50f82bd8533f00c1ae7a.jpg,valid,False
image218_JPG.jpg,train,image218_JPG.rf.e353b656cb0e7a9531412d0f5873f002.jpg,valid,False
image219_JPG.jpg,train,image219_JPG.rf.269eaf6fabb467a89bbc64dae2fcc9eb.jpg,valid,False
image219_JPG.jpg,train,image219_JPG.rf.2a1eb6eb6bdb7715e2f267710f946b6f.jpg,train,False
image219_JPG.jpg,train,image219_JPG.rf.38cd94d9a2d694c1f1377539ae105186.jpg,train,False
image219_JPG.jpg,train,image219_JPG.rf.5092a7088aae6b101aa2dd08d30533b8.jpg,valid,False
image219_JPG.jpg,train,image219_JPG.rf.8aca89d1b8c29efe2680ddd83c70dde9.jpg,valid,False
image221_JPG.jpg,train,image221_JPG.rf.113d68815a3c2f38535faea43ac30f57.jpg,test,False
image221_JPG.jpg,train,image221_JPG.rf.7e0260ec3f58fd10a25d5e0fc285b934.jpg,train,False
image221_JPG.jpg,train,image221_JPG.rf.98f5ca00c75be3ee23f3b9e0253bd343.jpg,test,False
image221_JPG.jpg,train,image221_JPG.rf.aebb3371182f4cd2f7d102cde9943cd8.jpg,train,False
image221_JPG.jpg,train,image221_JPG.rf.f0970b90d5c6079ad859acc228561e99.jpg,test,False
image225_JPG.jpg,train,image225_JPG.rf.070d09f893ca275be5895988e638863f.jpg,train,False
image225_JPG.jpg,train,image225_JPG.rf.6a995a33537f5d84c600f278deab8606.jpg,train,False
image225_JPG.jpg,train,image225_JPG.rf.91ab4b3f49328a4229680b440416f48d.jpg,train,False
image225_JPG.jpg,train,image225_JPG.rf.da4b0f097f740ec321c5510ac75419c7.jpg,train,False
image225_JPG.jpg,train,image225_JPG.rf.f76f6d1add142f9e7d09c5411d959540.jpg,test,False
image226_JPG.jpg,train,image226_JPG.rf.12f5ddda48d100a0721610f9f8a697cd.jpg,train,False
image226_JPG.jpg,train,image226_JPG.rf.7f4a386618dc42d5c6f486fe196ddd51.jpg,train,False
image226_JPG.jpg,train,image226_JPG.rf.aefd814c62d1b1ae0262b08663537aac.jpg,valid,False
image226_JPG.jpg,train,image226_JPG.rf.ba6ce0ad4ecbb6b0f85b50ea19ff000b.jpg,valid,False
image226_JPG.jpg,train,image226_JPG.rf.f7c87af39a0d8c2fa7561a7d5f3244a9.jpg,valid,False
image231_JPG.jpg,train,image231_JPG.rf.0f32c456cf1ddf13e3be167c0f89c9fc.jpg,train,False
image231_JPG.jpg,train,image231_JPG.rf.15613a7aff9d6b276bf39bf289889751.jpg,train,False
image231_JPG.jpg,train,image231_JPG.rf.423ad00c7e6a643f6ec2523ca550dc8f.jpg,test,False
image231_JPG.jpg,train,image231_JPG.rf.a3277eac05975b85ba5f48ee8acb9050.jpg,valid,False
image231_JPG.jpg,train,image231_JPG.rf.dd749c51bedfb79075ac39f23bbc803b.jpg,train,False
image232_JPG.jpg,train,image232_JPG.rf.3a5ab06dfc7791eca7b0cc9ac5f0aab2.jpg,train,False
image232_JPG.jpg,train,image232_JPG.rf.3ada97104ad243f7bc1e55e2161c477c.jpg,train,False
image232_JPG.jpg,train,image232_JPG.rf.569a736030d2df7df4d6fc4feff50d36.jpg,train,False
image232_JPG.jpg,train,image232_JPG.rf.9a9ec473c7ef5b312889aef9db796104.jpg,valid,False
image232_JPG.jpg,train,image232_JPG.rf.bf371817c45affa056654fa6c7e15e8f.jpg,train,False
image233_JPG.jpg,train,image233_JPG.rf.5c4179a92432f0bc6bcac13bb63427d2.jpg,train,False
image233_JPG.jpg,train,image233_JPG.rf.a178d27039f9d7990628fe9370ea2071.jpg,train,False
image233_JPG.jpg,train,image233_JPG.rf.a335be1e8c70f04914cab85317f8bf2b.jpg,train,False
image233_JPG.jpg,train,image233_JPG.rf.a6aa76f9e22b870be1f2de688f373e07.jpg,train,False
image233_JPG.jpg,train,image233_JPG.rf.c9fc3e865c7f5c83e8171fdc201480d9.jpg,train,False
image234_JPG.jpg,train,image234_JPG.rf.1a8f7c42e84cb0c79a0cc33369756947.jpg,train,False
image234_JPG.jpg,train,image234_JPG.rf.a417572923d9374da08a213781b08959.jpg,train,False
image234_JPG.jpg,train,image234_JPG.rf.bb04d32750603451a99efd0afb4a0fda.jpg,train,False
image234_JPG.jpg,train,image234_JPG.rf.cff260082e6881b30e8f2356c1dd1cba.jpg,valid,False
image234_JPG.jpg,train,image234_JPG.rf.d3f1ee50b4a80222b615208f2d81af93.jpg,train,False
image238_JPG.jpg,train,image238_JPG.rf.38a068e43b0d20021a9a7d87411d6c54.jpg,valid,False
image238_JPG.jpg,train,image238_JPG.rf.63d72ffa8efdba372f968025ce6192ec.jpg,train,False
image238_JPG.jpg,train,image238_JPG.rf.c847006ec81ef4ae2c52c196208c81a5.jpg,train,False
image238_JPG.jpg,train,image238_JPG.rf.ecd64db1d82968f7067f814926e532d5.jpg,valid,False
image238_JPG.jpg,train,image238_JPG.rf.ed068ead5b5daf7c81b0c5c40c746dde.jpg,train,False
image239_JPG.jpg,train,image239_JPG.rf.011210bcac4fb6a1714c423449032e5f.jpg,train,False
image239_JPG.jpg,train,image239_JPG.rf.1c2a7717c476a4e1839f5f7aa31a5642.jpg,train,False
image239_JPG.jpg,train,image239_JPG.rf.5cd84f9b8409eaf3c0ed8ad2e0eae7a7.jpg,train,False
image239_JPG.jpg,train,image239_JPG.rf.619221a0dcf2218755a8d2456888137e.jpg,train,False
image239_JPG.jpg,train,image239_JPG.rf.802dec97b6ffeaf8905db0ca8321bad4.jpg,train,False
image242_JPG.jpg,train,image242_JPG.rf.041f690c78b55367295ca1f7f0bb3319.jpg,train,False
image242_JPG.jpg,train,image242_JPG.rf.494eeb37b7313256be1648ca38005a49.jpg,test,False
image242_JPG.jpg,train,image242_JPG.rf.8f28f85b5481320a10b6ccd5754de645.jpg,valid,False
image242_JPG.jpg,train,image242_JPG.rf.b02559bdb1e2c98a65fab80ac40e4988.jpg,train,False
image242_JPG.jpg,train,image242_JPG.rf.dcc6773562deeb93cb2510093fabddc7.jpg,train,False
image246_JPG.jpg,train,image246_JPG.rf.1d4e67cde0fd3705c9fb3b1035951814.jpg,test,False
image246_JPG.jpg,train,image246_JPG.rf.87449a001f8b1b604e20efb5c794bec7.jpg,test,False
image246_JPG.jpg,train,image246_JPG.rf.93859fff0d3db7901fdc492ab0ed9578.jpg,train,False
image246_JPG.jpg,train,image246_JPG.rf.e01a3b8c5e803920b0bd94355092bacf.jpg,valid,False
image246_JPG.jpg,train,image246_JPG.rf.f4d4271f02324ac577e3050d16b8279a.jpg,valid,False
image247_JPG.jpg,train,image247_JPG.rf.3fd5159816de3114273b043a3381c72d.jpg,train,False
image247_JPG.jpg,train,image247_JPG.rf.8080b3897f650bf952b59dffeb36e228.jpg,train,False
image247_JPG.jpg,train,image247_JPG.rf.840f457ab0193dbbf55331020ee90a75.jpg,valid,False
image247_JPG.jpg,train,image247_JPG.rf.916791d6120fb0965bcd0cab7be836bd.jpg,test,False
image247_JPG.jpg,train,image247_JPG.rf.b6a1ec9e6c5834f08aa0033351f51e42.jpg,test,False
image248_JPG.jpg,train,image248_JPG.rf.2f20c0b35b858bdab5be7003baaf6d8b.jpg,train,False
image248_JPG.jpg,train,image248_JPG.rf.38f2ed76198d530bf192f2abb4d23d63.jpg,train,False
image248_JPG.jpg,train,image248_JPG.rf.6c4b757e8867c7101687d07ac57629e8.jpg,valid,False
image248_JPG.jpg,train,image248_JPG.rf.9b9f86247430a0d70e56689a3f11f8e5.jpg,train,False
image248_JPG.jpg,train,image248_JPG.rf.b140d1e67a190a35692ae2c0c1ea758e.jpg,valid,False
image249_JPG.jpg,train,image249_JPG.rf.61c5e362c0e69a7f83db23ed4ce77795.jpg,test,False
image249_JPG.jpg,train,image249_JPG.rf.cc2df7e9e580a1d0fe745a5e184ee8d9.jpg,train,False
image249_JPG.jpg,train,image249_JPG.rf.cf1d2a16b06138a0c4edfe9b1824ebb8.jpg,valid,False
image249_JPG.jpg,train,image249_JPG.rf.de60eed5f3775aa2ab84f7b90b55071f.jpg,train,False
image249_JPG.jpg,train,image249_JPG.rf.fbb4f59a40cf22337354fbe3ab33674f.jpg,valid,False
image250_JPG.jpg,train,image250_JPG.rf.1718ab1fd39e2a7d67ed9fbc74240c6c.jpg,train,False
image250_JPG.jpg,train,image250_JPG.rf.18cbf6fb69488be9f2d2320af65282ab.jpg,train,False
image250_JPG.jpg,train,image250_JPG.rf.1a4f3abf984a25ec44b0977e4135bbb8.jpg,train,False
image250_JPG.jpg,train,image250_JPG.rf.35e15330aaf9c9736cb6fefb018d68a6.jpg,train,False
image250_JPG.jpg,train,image250_JPG.rf.850d4b4e175dbcd971e7f20138984597.jpg,train,False
image254_JPG.jpg,train,image254_JPG.rf.14275fa551c70fbef5b0fadecac89f50.jpg,train,False
image254_JPG.jpg,train,image254_JPG.rf.4ad2fbf0d1d91408ccea1409bf30287e.jpg,valid,False
image254_JPG.jpg,train,image254_JPG.rf.a4ded8c509b5f9859652f0c6f86fecfa.jpg,train,False
image254_JPG.jpg,train,image254_JPG.rf.f81ebd335276263c8f6b40f2b796a5f3.jpg,train,False
image258_JPG.jpg,train,image258_JPG.rf.0ab567ebb2a465453a3eb0753fa1b5d8.jpg,valid,False
image258_JPG.jpg,train,image258_JPG.rf.180e326b9f847d01aafe87ab6ae7ba6c.jpg,train,False
image258_JPG.jpg,train,image258_JPG.rf.190b3b7705036887f053abe8d53efdfd.jpg,train,False
image258_JPG.jpg,train,image258_JPG.rf.94f125ddd3272a2e24f98cdd52e9ad45.jpg,train,False
image258_JPG.jpg,train,image258_JPG.rf.e6a3ed3985a26884b56afd8f7f8d258c.jpg,train,False
image259_JPG.jpg,train,image259_JPG.rf.238844f35605c4b6d2020110ecc42ea0.jpg,train,False
image259_JPG.jpg,train,image259_JPG.rf.5a7f343532ef1e0024a7d6b1db07d7fe.jpg,test,False
image259_JPG.jpg,train,image259_JPG.rf.7c3f03add72ca430355d5f05107cb4f4.jpg,train,False
image259_JPG.jpg,train,image259_JPG.rf.c543e1c1b83402501308ae2c8afe497b.jpg,train,False
image259_JPG.jpg,train,image259_JPG.rf.d5e102c56416f4d04deb855785478231.jpg,valid,False
image260_JPG.jpg,train,image260_JPG.rf.69aac159973fa881e15973c4687e02bf.jpg,train,False
image260_JPG.jpg,train,image260_JPG.rf.90884f21d0ad22bf27cf2ed91c5d3f44.jpg,valid,False
image260_JPG.jpg,train,image260_JPG.rf.a21111e364b4f67a76318a8a12153406.jpg,train,False
image260_JPG.jpg,train,image260_JPG.rf.e479bd04fa2db83c900a224eaf0108bd.jpg,train,False
image260_JPG.jpg,train,image260_JPG.rf.ef2f172202c756fce9a22f034645e18a.jpg,train,False
image262_JPG.jpg,train,image262_JPG.rf.048b2f77fbeb4015defcdae73bede67a.jpg,train,False
image262_JPG.jpg,train,image262_JPG.rf.4d5fe83b8cbd6705b1bad2f56777dfb9.jpg,train,False
image262_JPG.jpg,train,image262_JPG.rf.78fb9ed605a5b2ec94f035c5ec55a8a1.jpg,train,False
image262_JPG.jpg,train,image262_JPG.rf.d29dc0b4f7068c3a0b3f4ed226fff901.jpg,train,False
image262_JPG.jpg,train,image262_JPG.rf.e7d3806d3b3cffe2aa3df8ef3b5871ca.jpg,train,False
image265_JPG.jpg,train,image265_JPG.rf.03ed53eaf44b877efc542537f423b430.jpg,train,False
image265_JPG.jpg,train,image265_JPG.rf.29b1b63a587f345d3173a346a2bca9fb.jpg,valid,False
image265_JPG.jpg,train,image265_JPG.rf.450cda24883b111bcbd024e15401e5fe.jpg,train,False
image265_JPG.jpg,train,image265_JPG.rf.afeea2e977d2cfa0c593787fb3de6e10.jpg,valid,False
image265_JPG.jpg,train,image265_JPG.rf.f62f37ee5b355bbb2d0e3236028be668.jpg,train,False
image267_JPG.jpg,train,image267_JPG.rf.1cdce4fc57f994f75c8c22d53dd924f0.jpg,train,False
image267_JPG.jpg,train,image267_JPG.rf.534b89a8c53752f0c804e89800af09b6.jpg,train,False
image267_JPG.jpg,train,image267_JPG.rf.8966f20b1da86752629f32eea254d3c4.jpg,valid,False
image267_JPG.jpg,train,image267_JPG.rf.ba83f4b931aad1b00b7d2381fbe35744.jpg,train,False
image267_JPG.jpg,train,image267_JPG.rf.e1253b76da4c84154f8ee54b41fb1076.jpg,valid,False
image268_JPG.jpg,train,image268_JPG.rf.389a11ef7351fb357474ee7ed6578b2d.jpg,train,False
image268_JPG.jpg,train,image268_JPG.rf.46269fddacfbd70f1fd1607cdbda258f.jpg,train,False
image268_JPG.jpg,train,image268_JPG.rf.574d385d438391b2d1ef308d91769952.jpg,train,False
image268_JPG.jpg,train,image268_JPG.rf.9d6792ee3725d808a8b02d80da5f224d.jpg,train,False
image268_JPG.jpg,train,image268_JPG.rf.b05b518ed74b2960650b1b9e7204ad9c.jpg,train,False
image269_JPG.jpg,train,image269_JPG.rf.032b161f841fdc79d4aa0d691dca0977.jpg,valid,False
image269_JPG.jpg,train,image269_JPG.rf.132b42cfc6293c27b1ecaecb333f6d21.jpg,test,False
image269_JPG.jpg,train,image269_JPG.rf.533c33dcc72543aaec80dcadeef02da6.jpg,train,False
image269_JPG.jpg,train,image269_JPG.rf.d61d09190fb26c7e1e7b8cb764aef486.jpg,valid,False
image272_JPG.jpg,train,image272_JPG.rf.331c469ac9f2b5c6292271ff0a7111a6.jpg,train,False
image272_JPG.jpg,train,image272_JPG.rf.452b4a0dcbb0876a3def85cc360178b5.jpg,train,False
image272_JPG.jpg,train,image272_JPG.rf.7fdc70e3944268cb391ea91f3a3bb845.jpg,test,False
image272_JPG.jpg,train,image272_JPG.rf.c1b7c2e1701c82bc8456267612a1f972.jpg,test,False
image272_JPG.jpg,train,image272_JPG.rf.edc382d88a8e6a95687b6bf28c68d9e1.jpg,train,False
image273_JPG.jpg,train,image273_JPG.rf.092d0d9ad0db743d52bb3cc81c25a07c.jpg,test,False
image273_JPG.jpg,train,image273_JPG.rf.244445e81c39c266226cea011212a8ad.jpg,valid,False
image273_JPG.jpg,train,image273_JPG.rf.2e093c8de786f8419ee8b7e3d8d35319.jpg,test,False
image273_JPG.jpg,train,image273_JPG.rf.8260a11a292e91a1384dd2551a395c78.jpg,test,False
image273_JPG.jpg,train,image273_JPG.rf.fc731748ca14c562447454d7d7c50de7.jpg,train,False
image275_JPG.jpg,train,image275_JPG.rf.311258ccc3920d64e36d443fd73405ee.jpg,train,False
image275_JPG.jpg,train,image275_JPG.rf.6cca1942e2bfe28c62de1131c21f28de.jpg,valid,False
image275_JPG.jpg,train,image275_JPG.rf.bfc2ec4025ac38a27d3651e71b037f44.jpg,train,False
image275_JPG.jpg,train,image275_JPG.rf.cb472355035ffb6cff1b63ff3ceed6d6.jpg,valid,False
image275_JPG.jpg,train,image275_JPG.rf.e9bbf081a350b974dbb00cf45282f880.jpg,valid,False
image278_JPG.jpg,train,image278_JPG.rf.0f3c43c077a8658e729562b546a183bd.jpg,train,False
image278_JPG.jpg,train,image278_JPG.rf.6c19e96b7920341de44f3648b78e649a.jpg,valid,False
image278_JPG.jpg,train,image278_JPG.rf.8fa5458a7dcf8a4d4ffe288a6cd58bb5.jpg,train,False
image278_JPG.jpg,train,image278_JPG.rf.a491a3ab2832f156e7a4e52562738a43.jpg,train,False
image278_JPG.jpg,train,image278_JPG.rf.b570526ae7a468e4bddd873433479b49.jpg,train,False
image280_JPG.jpg,train,image280_JPG.rf.1ca0edf1147e69d71f00237f5a2ff57f.jpg,train,False
image280_JPG.jpg,train,image280_JPG.rf.67896369388e52b280d4fe668aa8d314.jpg,train,False
image280_JPG.jpg,train,image280_JPG.rf.6b1bd0298c5838fb49e79fbf6c6cd205.jpg,train,False
image280_JPG.jpg,train,image280_JPG.rf.de59f6347f2bb4525c978dae21101d6c.jpg,train,False
image280_JPG.jpg,train,image280_JPG.rf.f9e9376cc358b7fdd7ce4279524f607c.jpg,valid,False
image283_JPG.jpg,train,image283_JPG.rf.04e9d8a56836704fc7493a5a078309a9.jpg,valid,False
image283_JPG.jpg,train,image283_JPG.rf.3a4e396961c82dded5720ce243176a84.jpg,train,False
image283_JPG.jpg,train,image283_JPG.rf.4680568fbc1cb40258b62f474d22e906.jpg,train,False
image283_JPG.jpg,train,image283_JPG.rf.8eeda018266761f853feb0a00ec06588.jpg,train,False
image283_JPG.jpg,train,image283_JPG.rf.e3b64370dfc1fa1bfe5efd3db61cf97f.jpg,train,False
image286_JPG.jpg,train,image286_JPG.rf.41de4af7255c3ced49099ee2218d89ce.jpg,test,False
image286_JPG.jpg,train,image286_JPG.rf.5916c18ed1843a3e56862f2205188f14.jpg,train,False
image286_JPG.jpg,train,image286_JPG.rf.b4f3bdb774326d7ff35362ff54aa33e5.jpg,train,False
image286_JPG.jpg,train,image286_JPG.rf.c4b0ee7cb2811b1bb6b0cce9ee4b39de.jpg,train,False
image286_JPG.jpg,train,image286_JPG.rf.dfc533f5817d13f2fd29c1c12f457c60.jpg,train,False
image287_JPG.jpg,train,image287_JPG.rf.183f1df1112b93d7730908fcbd588de6.jpg,train,False
image287_JPG.jpg,train,image287_JPG.rf.1bcd28b88efb2a9c2ad09c31d137e213.jpg,valid,False
image287_JPG.jpg,train,image287_JPG.rf.2069458bc0b3e8e5b33e671c60ed041d.jpg,valid,False
image287_JPG.jpg,train,image287_JPG.rf.356472b4c856b0e74574437418c6a7f8.jpg,train,False
image287_JPG.jpg,train,image287_JPG.rf.9265cbeb36592949ddbaaa2887ed5103.jpg,train,False
image290_JPG.jpg,train,image290_JPG.rf.1ac37590eb642e6c214147d94da81082.jpg,train,False
image290_JPG.jpg,train,image290_JPG.rf.22fa1bdd8bdde68317b58125b0ff2e75.jpg,train,False
image290_JPG.jpg,train,image290_JPG.rf.4d4b3247c8431a350db4edbfa15ea01e.jpg,train,False
image290_JPG.jpg,train,image290_JPG.rf.5cdbe31978e1a740146e5aefa4423029.jpg,train,False
image290_JPG.jpg,train,image290_JPG.rf.9504d759a08ac0ce91c9b4d3a571e074.jpg,train,False
image291_JPG.jpg,train,image291_JPG.rf.4cade1138edcae60ae3229adfa00c4c1.jpg,valid,False
image291_JPG.jpg,train,image291_JPG.rf.81987721909813d22b760c39d35510a6.jpg,valid,False
image291_JPG.jpg,train,image291_JPG.rf.a4d7dced6b4f5d8ff1daa2929ea67b02.jpg,train,False
image291_JPG.jpg,train,image291_JPG.rf.db5540a9ea92ef5b2577149a51bf9832.jpg,valid,False
image291_JPG.jpg,train,image291_JPG.rf.e6e11174a787402809516ba7d52d28ae.jpg,train,False
image295_JPG.jpg,train,image295_JPG.rf.00796b8034c87df80a5b86b4230a253e.jpg,valid,False
image295_JPG.jpg,train,image295_JPG.rf.5986cc69aa4dbea90f28f32213aebcb0.jpg,train,False
image295_JPG.jpg,train,image295_JPG.rf.93da4d00c249b56ef2d2ab416d379103.jpg,valid,False
image295_JPG.jpg,train,image295_JPG.rf.af5e50ecc13ca1325b123f3333b9e4b9.jpg,train,False
image295_JPG.jpg,train,image295_JPG.rf.e12d33b7b816151bcbcc5f07d97cebfd.jpg,valid,False
image298_JPG.jpg,train,image298_JPG.rf.3da9b51550fac37b3d0f9163c80ac601.jpg,valid,False
image298_JPG.jpg,train,image298_JPG.rf.5897c40280e49ce112d02e90cff483f4.jpg,test,False
image298_JPG.jpg,train,image298_JPG.rf.638ffa638aea9908cb922a4ac53abe81.jpg,train,False
image298_JPG.jpg,train,image298_JPG.rf.bfdd96810fbc28faa5c17dc1d7a57768.jpg,train,False
image298_JPG.jpg,train,image298_JPG.rf.cf30f3213993c377c807ee8285b96c87.jpg,train,False
image301_JPG.jpg,train,image301_JPG.rf.194e0efe1f615a747fe7a654a51ceb7b.jpg,train,False
image301_JPG.jpg,train,image301_JPG.rf.2da47cecddfe2f294120fa76824786c5.jpg,train,False
image301_JPG.jpg,train,image301_JPG.rf.61ad502cc5eb5d3faf633327c9b03e7e.jpg,train,False
image301_JPG.jpg,train,image301_JPG.rf.9b3cc3441c373079b413ee7a31eddadc.jpg,train,False
image301_JPG.jpg,train,image301_JPG.rf.d37c767deb6310871c72f498df480115.jpg,train,False
image305_JPG.jpg,train,image305_JPG.rf.593abf68505e31c4e3331af62228934e.jpg,train,False
image305_JPG.jpg,train,image305_JPG.rf.900a18682187db82aaba4dfd2d4e2fae.jpg,valid,False
image305_JPG.jpg,train,image305_JPG.rf.b13cb42a422d3adbc4b55ead7841a348.jpg,valid,False
image305_JPG.jpg,train,image305_JPG.rf.d8b4008d1431df45e1e9dc25efd05ee6.jpg,train,False
image305_JPG.jpg,train,image305_JPG.rf.f461a85fc15cb3299232131921b6e290.jpg,valid,False
image309_JPG.jpg,train,image309_JPG.rf.1d8a3527fdff126948bec0f937e07872.jpg,train,False
image309_JPG.jpg,train,image309_JPG.rf.5c90ecae993ca738e11b7afa520649a4.jpg,train,False
image309_JPG.jpg,train,image309_JPG.rf.60d5dfa1e9e69f2002aa1c9f91f1e885.jpg,train,False
image309_JPG.jpg,train,image309_JPG.rf.b81fe45ce39cae7dd9a1570389b84bc9.jpg,test,False
image309_JPG.jpg,train,image309_JPG.rf.f5ddd2934e8da5fdd5dca63278984c30.jpg,valid,False
image312_JPG.jpg,train,image312_JPG.rf.7c94566bb1996afbddec028e7c6655ca.jpg,test,False
image312_JPG.jpg,train,image312_JPG.rf.b4b613980ac137f32cfa1701f9f87541.jpg,valid,False
image312_JPG.jpg,train,image312_JPG.rf.c4fe72ac1335f1e9bcad6502aa7eb7e8.jpg,train,False
image312_JPG.jpg,train,image312_JPG.rf.d7bf927bf63f756ee3242fe16e40272e.jpg,train,False
image312_JPG.jpg,train,image312_JPG.rf.f7e18efa02b8380711de088343a1406b.jpg,train,False
image315_JPG.jpg,train,image315_JPG.rf.5993e0e2e02588ee42443c5c77c53630.jpg,test,False
image315_JPG.jpg,train,image315_JPG.rf.698c0f55afe5d94d60dcec8629cff6a8.jpg,train,False
image315_JPG.jpg,train,image315_JPG.rf.6ea0f4e2ead332ced9ad50a75e2971f0.jpg,train,False
image315_JPG.jpg,train,image315_JPG.rf.a1583d0deaff403b71f6188fec6e22ff.jpg,valid,False
image315_JPG.jpg,train,image315_JPG.rf.fea820d77945bc31336145ea3d96ef45.jpg,valid,False
image317_JPG.jpg,train,image317_JPG.rf.0cf6d466586294832e256d5a011b9103.jpg,train,False
image317_JPG.jpg,train,image317_JPG.rf.29f2525a56b0b5357ebb857a62c496af.jpg,valid,False
image317_JPG.jpg,train,image317_JPG.rf.413cf2696ff94788980cca674e8295f0.jpg,train,False
image317_JPG.jpg,train,image317_JPG.rf.451c138b9730af1f9fe62961d5c825e2.jpg,test,False
image317_JPG.jpg,train,image317_JPG.rf.fa5bd2118e2885ca8b5e3e9ce73f7c22.jpg,test,False
image333_JPG.jpg,train,image333_JPG.rf.2e42de695735177f0c599c483aba9665.jpg,train,False
image333_JPG.jpg,train,image333_JPG.rf.5e4f2773f168c54217fcb29f32bd0fac.jpg,train,False
image333_JPG.jpg,train,image333_JPG.rf.946b12d91e5248c5aec8f5c2be47244b.jpg,train,False
image333_JPG.jpg,train,image333_JPG.rf.d65a8f1e4217460be62a1e7b5618eba5.jpg,valid,False
image333_JPG.jpg,train,image333_JPG.rf.fc0b8b5b2abe6c3a324316e925e2a721.jpg,train,False
image336_JPG.jpg,train,image336_JPG.rf.4d86b288f8c3e9ceb89d2492f896ef65.jpg,valid,False
image336_JPG.jpg,train,image336_JPG.rf.54258faef996b4fbe1e13e8bb57a232e.jpg,test,False
image336_JPG.jpg,train,image336_JPG.rf.75067ce233000e4142ea9582bde187ae.jpg,train,False
image336_JPG.jpg,train,image336_JPG.rf.d9152b3cc7f2e2bb458176a87faa8818.jpg,test,False
image336_JPG.jpg,train,image336_JPG.rf.ff6949b09b281f8ceb93bd63d622c206.jpg,train,False
image337_JPG.jpg,train,image337_JPG.rf.53e1f8addff3045435e6d40f5e156ee6.jpg,train,False
image337_JPG.jpg,train,image337_JPG.rf.b3f39841d4dc206e8e941375828dc5ca.jpg,train,False
image337_JPG.jpg,train,image337_JPG.rf.bfd8bad3e2c7a2eaa42e3c62b3d84b69.jpg,valid,False
image337_JPG.jpg,train,image337_JPG.rf.ce5c513692e5a1cc43f50e21fb3f0a12.jpg,train,False
image337_JPG.jpg,train,image337_JPG.rf.edaca9c906c4711e8256a479d63dbb32.jpg,train,False
image338_JPG.jpg,train,image338_JPG.rf.2a4838de696a4a7f5b577fc9856b222b.jpg,train,False
image338_JPG.jpg,train,image338_JPG.rf.4ab0f988c03beb73a281a4d40abe18ec.jpg,train,False
image338_JPG.jpg,train,image338_JPG.rf.c1259728072ae053dd49a577f494188e.jpg,train,False
image338_JPG.jpg,train,image338_JPG.rf.e50202f5c8598c0c75a9d5aed0e011e5.jpg,train,False
image338_JPG.jpg,train,image338_JPG.rf.f27b29d88fbdc0366752af399ba4022f.jpg,train,False
image340_JPG.jpg,train,image340_JPG.rf.3dba9bb50e3fa4ce9f03a6122da83bfa.jpg,test,False
image340_JPG.jpg,train,image340_JPG.rf.4732256c365f96cad9285310e0a3329c.jpg,test,False
image340_JPG.jpg,train,image340_JPG.rf.563bb18221d743be6bba8e8474fd4e66.jpg,train,False
image340_JPG.jpg,train,image340_JPG.rf.c14f865d3e2c48703b7bafdc1f862914.jpg,train,False
image341_JPG.jpg,train,image341_JPG.rf.045d03967278c984caad192a1508cdee.jpg,train,False
image341_JPG.jpg,train,image341_JPG.rf.6308fa431eb1bf4cdc1c7d0d456b9f39.jpg,train,False
image341_JPG.jpg,train,image341_JPG.rf.7ebda8cb850416eaffbc520a7daeffe9.jpg,train,False
image341_JPG.jpg,train,image341_JPG.rf.cd24b50c4945591a9e0159033b32558e.jpg,train,False
image347_JPG.jpg,train,image347_JPG.rf.06a32e8eb5a605ed67b774b4558db72b.jpg,train,False
image347_JPG.jpg,train,image347_JPG.rf.4442e1b2f18c48df0e74912cf1885462.jpg,test,False
image347_JPG.jpg,train,image347_JPG.rf.54f3cd81a2cc6a9a06429235c3120a56.jpg,train,False
image347_JPG.jpg,train,image347_JPG.rf.8b24d3f6057e42c1f220408387656f27.jpg,train,False
image347_JPG.jpg,train,image347_JPG.rf.bff2c0bdce9c4bcbb290da6be7ccaf3d.jpg,train,False
image350_JPG.jpg,train,image350_JPG.rf.1778446f20517cdc2e6bdf163cddfcd0.jpg,train,False
image350_JPG.jpg,train,image350_JPG.rf.2261e9b91d3bc0e351c5e2e61a3e6c88.jpg,train,False
image350_JPG.jpg,train,image350_JPG.rf.3660d77ef1413edf554217b37caf556d.jpg,valid,False
image350_JPG.jpg,train,image350_JPG.rf.992b12a6ac034b3c6a4b6acfb89e2f88.jpg,train,False
image350_JPG.jpg,train,image350_JPG.rf.bf18d482fe136a697188817ece3f1162.jpg,train,False
image353_JPG.jpg,train,image353_JPG.rf.288d706fbb4f12b08bda1165ea2bae6d.jpg,train,False
image353_JPG.jpg,train,image353_JPG.rf.4ceb0b87719efdce7a5629b9872dece0.jpg,train,False
image353_JPG.jpg,train,image353_JPG.rf.982870832ef54405124a7eb2737e269a.jpg,train,False
image353_JPG.jpg,train,image353_JPG.rf.afd9043a0ce6aa30d5dcb26163acf8dc.jpg,train,False
image353_JPG.jpg,train,image353_JPG.rf.b3ced16a37fb99a3f8167281de3eb329.jpg,train,False
image354_JPG.jpg,train,image354_JPG.rf.2146bb137f8cdab88d22db79789c3a7c.jpg,train,False
image354_JPG.jpg,train,image354_JPG.rf.5b5877fc4d08122a31ce4555b8c1db1a.jpg,test,False
image354_JPG.jpg,train,image354_JPG.rf.7b939c3263ab1a366b94f7e9bc8702b0.jpg,test,False
image354_JPG.jpg,train,image354_JPG.rf.ab6f0b0e51aa027269298815e5ea7f50.jpg,valid,False
image354_JPG.jpg,train,image354_JPG.rf.f9ca3155b8719bff64a744c39dedc987.jpg,valid,False
image355_JPG.jpg,train,image355_JPG.rf.093571d4a67b7a2f88e4336f85f757e7.jpg,train,False
image355_JPG.jpg,train,image355_JPG.rf.0abf093df1d6e3c045ef788bdb90012e.jpg,train,False
image355_JPG.jpg,train,image355_JPG.rf.30365f054d5502cb791fda2b17e00edc.jpg,train,False
image355_JPG.jpg,train,image355_JPG.rf.50b9da132c9845d6def1bbcb612220dd.jpg,train,False
image355_JPG.jpg,train,image355_JPG.rf.bfa8b41852e8d7d84a7e0783a3b7f6a2.jpg,valid,False
image357_JPG.jpg,train,image357_JPG.rf.1caa1d4df31ab8ba9db56b8b6ffd619d.jpg,valid,False
image357_JPG.jpg,train,image357_JPG.rf.4ca73e6d6ff7f543b2c293b97bd75591.jpg,test,False
image357_JPG.jpg,train,image357_JPG.rf.54c3d8d88d6a987f6d7f5b3eb90f4447.jpg,train,False
image357_JPG.jpg,train,image357_JPG.rf.94676e78646ba62d09ef81e137d25ed0.jpg,train,False
image357_JPG.jpg,train,image357_JPG.rf.bdb074a477560e38098a07860bc81e06.jpg,valid,False
image362_JPG.jpg,train,image362_JPG.rf.2e0c51707c28a1933f062157618da6fa.jpg,train,False
image362_JPG.jpg,train,image362_JPG.rf.4160c11fe303ebc8d2f5aa32f7049c57.jpg,valid,False
image362_JPG.jpg,train,image362_JPG.rf.813871e2733f0db59a6ca6f3b0d0db40.jpg,train,False
image362_JPG.jpg,train,image362_JPG.rf.a515f91d88cc4cfa45a5ed1a6fe7b202.jpg,train,False
image362_JPG.jpg,train,image362_JPG.rf.c3e7b4f052c8f8afa4b194b9e3ed5b87.jpg,valid,False
image363_JPG.jpg,train,image363_JPG.rf.35c9af215367e65479399e4280bbbcee.jpg,train,False
image363_JPG.jpg,train,image363_JPG.rf.63dbadd59cbde859722aadca7fc541ca.jpg,valid,False
image363_JPG.jpg,train,image363_JPG.rf.89bb20e48378c00acc3a5f07e84ff76b.jpg,train,False
image363_JPG.jpg,train,image363_JPG.rf.9e0d5693bd57393d7389f9332f61adb5.jpg,train,False
image363_JPG.jpg,train,image363_JPG.rf.b3fe5a0c0da4cd1854e8c55a167c5ec5.jpg,train,False
image364_JPG.jpg,train,image364_JPG.rf.1b3df179dd5c39fb1690515f48572de6.jpg,valid,False
image364_JPG.jpg,train,image364_JPG.rf.4565760fb88efe6f1ee2568bc568a4e4.jpg,train,False
image364_JPG.jpg,train,image364_JPG.rf.591090207476ea14a9dcef2375ed272c.jpg,train,False
image364_JPG.jpg,train,image364_JPG.rf.7a66bc8f849855a51c29d0a0779f69eb.jpg,train,False
image364_JPG.jpg,train,image364_JPG.rf.acb8318ac46c2f96ab50593ae6068362.jpg,train,False
image366_JPG.jpg,train,image366_JPG.rf.333b94f538bd237c4bb872489d1518da.jpg,train,False
image366_JPG.jpg,train,image366_JPG.rf.3f6d1dfe661f2142df9a2c25fb5adf4a.jpg,test,False
image366_JPG.jpg,train,image366_JPG.rf.444f0aad46b4c9c0516aa6022cff28f4.jpg,train,False
image366_JPG.jpg,train,image366_JPG.rf.f08c8d9d781b5bec49f2a73a761fc756.jpg,train,False
image372_JPG.jpg,train,image372_JPG.rf.12bc7dc27a28f579e45a50722bf7a89b.jpg,train,False
image372_JPG.jpg,train,image372_JPG.rf.307561e93e475951c14303c0eecebf94.jpg,train,False
image372_JPG.jpg,train,image372_JPG.rf.7654a32c7e994c188f3d8dfdeee5bf99.jpg,train,False
image372_JPG.jpg,train,image372_JPG.rf.a04264cef4dd80a9f3c0b4cf3f940449.jpg,train,False
image372_JPG.jpg,train,image372_JPG.rf.f2d8bac6d75ead1205bdba82e987f2e9.jpg,train,False
image374_JPG.jpg,train,image374_JPG.rf.46a48938fae116f9c4dfb6d2e669ef40.jpg,train,False
image374_JPG.jpg,train,image374_JPG.rf.4c3095843331babdf7216053e9cbd3d5.jpg,train,False
image374_JPG.jpg,train,image374_JPG.rf.7db7b219347feded32effe89dab593d7.jpg,valid,False
image374_JPG.jpg,train,image374_JPG.rf.aa481b6220d50aeecd9a27dcf2dfcba4.jpg,valid,False
image374_JPG.jpg,train,image374_JPG.rf.ce19eeddc6b2917fa41ab0d3adf746b7.jpg,train,False
image382_JPG.jpg,train,image382_JPG.rf.06fc76b77833daf70e60da994a31b801.jpg,test,False
image382_JPG.jpg,train,image382_JPG.rf.611591cc029d52a345b56fdae4ec5a1a.jpg,test,False
image382_JPG.jpg,train,image382_JPG.rf.9c720030cfdf11477fe5b06079748d81.jpg,train,False
image382_JPG.jpg,train,image382_JPG.rf.c4050e59787d8ef76703eac6f27b9d22.jpg,train,False
image382_JPG.jpg,train,image382_JPG.rf.d0de32c8400b5235f6ae5a6902548500.jpg,valid,False
image383_JPG.jpg,train,image383_JPG.rf.0d6d0f88f0909ae5c8649a67f1a52fcd.jpg,train,False
image383_JPG.jpg,train,image383_JPG.rf.7737bd20edb3ec3d2110239be6f138b8.jpg,train,False
image383_JPG.jpg,train,image383_JPG.rf.aa9c225ad39a89bd183e2594106a99a9.jpg,valid,False
image383_JPG.jpg,train,image383_JPG.rf.d8dfcf41e23e790a20af7a6ec40d59a7.jpg,train,False
image383_JPG.jpg,train,image383_JPG.rf.fc32405fcaa068604071946224afc022.jpg,train,False
image386_JPG.jpg,train,image386_JPG.rf.31e8a05c6bef2d45a9a9ac4b44daf96c.jpg,train,False
image386_JPG.jpg,train,image386_JPG.rf.63eb290b679f3b673206cc6dfca5ad60.jpg,train,False
image386_JPG.jpg,train,image386_JPG.rf.90f4c636df3b34fbe1e0b327c3f33a8c.jpg,test,False
image386_JPG.jpg,train,image386_JPG.rf.c8128d54d235f88d78f3ea722424fc17.jpg,train,False
image386_JPG.jpg,train,image386_JPG.rf.dfd7589b580a5b94548a317174786de7.jpg,train,False
image394_JPG.jpg,train,image394_JPG.rf.02dec4e19cc1bd3ffc35b5b8f56819f9.jpg,train,False
image394_JPG.jpg,train,image394_JPG.rf.79cea8c367380401e1616236ecb89a5f.jpg,train,False
image394_JPG.jpg,train,image394_JPG.rf.99ca720643e1c55d120eb4e99f4abe2c.jpg,train,False
image394_JPG.jpg,train,image394_JPG.rf.a807b086b4853297a5d2e748d81649b7.jpg,train,False
image394_JPG.jpg,train,image394_JPG.rf.b343d1e13e15f069bc8c3f82831b365f.jpg,train,False
image403_JPG.jpg,train,image403_JPG.rf.3ce1afe1190ec785051b04535040c46f.jpg,train,False
image403_JPG.jpg,train,image403_JPG.rf.4058ab0f326d11fc06b3b64d3ef9469d.jpg,train,False
image403_JPG.jpg,train,image403_JPG.rf.8840ed3ac536932a1e1ec1dfe7ef010f.jpg,test,False
image403_JPG.jpg,train,image403_JPG.rf.aedb07d460c1c207d806bfb833d4ff26.jpg,train,False
image403_JPG.jpg,train,image403_JPG.rf.afa91a933fb39dbc55623931cbd92675.jpg,train,False
image405_JPG.jpg,train,image405_JPG.rf.7089ec98a94a8005cb9a6d7a567a81fb.jpg,train,False
image405_JPG.jpg,train,image405_JPG.rf.7fd6c4ddb98b88540dd8f53b86abc9d0.jpg,train,False
image405_JPG.jpg,train,image405_JPG.rf.a7c41079151bb80051ab25fd8f8dfcd3.jpg,train,False
image405_JPG.jpg,train,image405_JPG.rf.b3a3b8c37f5b53d2459ff03602f2f692.jpg,train,False
image405_JPG.jpg,train,image405_JPG.rf.df0868e39243f037304d100f83eed36c.jpg,train,False
image408_JPG.jpg,train,image408_JPG.rf.0dfe81f56dd60162e4bb4410efa44b60.jpg,train,False
image408_JPG.jpg,train,image408_JPG.rf.61311fe78615f126ffb6132d22823b16.jpg,train,False
image408_JPG.jpg,train,image408_JPG.rf.7c445fa047eee5df8eae25eec29d9093.jpg,train,False
image408_JPG.jpg,train,image408_JPG.rf.ac29106488f79c507d8d946589ef6d53.jpg,train,False
image408_JPG.jpg,train,image408_JPG.rf.ba9b42091eece44465d1a50c973b6b6e.jpg,train,False
image409_JPG.jpg,train,image409_JPG.rf.14905ee1e721b0f38a72f7bcb7b107e4.jpg,train,False
image409_JPG.jpg,train,image409_JPG.rf.42f18ed8a8aa88ebfdcf669073c34bf6.jpg,train,False
image409_JPG.jpg,train,image409_JPG.rf.6c5e841244daa25f0d421d4d023e7039.jpg,train,False
image409_JPG.jpg,train,image409_JPG.rf.7b52bb42ad1ef3318c167c3a8e165167.jpg,train,False
image409_JPG.jpg,train,image409_JPG.rf.94755dab976017e75e0bbd1a9c3abfcc.jpg,train,False
image420_JPG.jpg,train,image420_JPG.rf.326a729dead5584c64dd180ca324d6c6.jpg,train,False
image420_JPG.jpg,train,image420_JPG.rf.452ef1dc2b76332d35819f62dd2adbe8.jpg,train,False
image420_JPG.jpg,train,image420_JPG.rf.6253fc789c87ac9d8c1da6deeee535fd.jpg,train,False
image420_JPG.jpg,train,image420_JPG.rf.66d28af4de07a2f12f527e5a3adcfa62.jpg,train,False
image420_JPG.jpg,train,image420_JPG.rf.e2a51783673f068e9764f5cf36e4d2d3.jpg,valid,False
image427_JPG.jpg,train,image427_JPG.rf.2602ab44faa40743bca0cfaa5a4f5bd7.jpg,test,False
image427_JPG.jpg,train,image427_JPG.rf.4272d8c9856745e18f8c4f6e65ef60ac.jpg,train,False
image427_JPG.jpg,train,image427_JPG.rf.7c99c7d0faaea191b0650c9ce5cd0f5b.jpg,train,False
image427_JPG.jpg,train,image427_JPG.rf.90c97d8b5a5fb879edc52555845dbdcf.jpg,train,False
image427_JPG.jpg,train,image427_JPG.rf.ff46ecb16723845a39d50b9525b514e3.jpg,train,False
image428_JPG.jpg,train,image428_JPG.rf.2ad4b022c8437bac92c54d45f82bb335.jpg,train,False
image428_JPG.jpg,train,image428_JPG.rf.4d2f58e6813940f0895f638430227def.jpg,test,False
image428_JPG.jpg,train,image428_JPG.rf.61814a73e9b23411cea6ec794e987480.jpg,train,False
image428_JPG.jpg,train,image428_JPG.rf.b6447df4d25c262161e40b709d25b2ec.jpg,train,False
image428_JPG.jpg,train,image428_JPG.rf.c3431af868c9c1f7dcbe95554dc9d224.jpg,train,False
image436_JPG.jpg,train,image436_JPG.rf.076badcfe65650886f4abfe8770862a4.jpg,valid,False
image436_JPG.jpg,train,image436_JPG.rf.0dddaeabe8797062f8a73f9c1632e407.jpg,train,False
image436_JPG.jpg,train,image436_JPG.rf.313ad2a92a1d23b3626569e570ef467b.jpg,train,False
image436_JPG.jpg,train,image436_JPG.rf.8df49fc869aaa3d62da9d4009d0c9aff.jpg,train,False
image436_JPG.jpg,train,image436_JPG.rf.d1d7860647fcf87d2b8be4b8eb5bdb24.jpg,train,False
image465_JPG.jpg,train,image465_JPG.rf.09a9ad4650824bc9840876dcf7d7019c.jpg,train,False
image465_JPG.jpg,train,image465_JPG.rf.87e744f376c50945101902bb501eabaa.jpg,train,False
image465_JPG.jpg,train,image465_JPG.rf.a90cc88f70e551712c9375bd5bbd2d7d.jpg,test,False
image465_JPG.jpg,train,image465_JPG.rf.b49eafdb29d7ec625e04ff1f98e95e67.jpg,valid,False
image465_JPG.jpg,train,image465_JPG.rf.ea7fe6790dd12529081b063482438857.jpg,train,False
image470_JPG.jpg,train,image470_JPG.rf.1ecf531efc7a2a4d8dc103ea6a9a2a32.jpg,train,False
image470_JPG.jpg,train,image470_JPG.rf.3621489ebf0ae7a3056e3e23523f8457.jpg,valid,False
image470_JPG.jpg,train,image470_JPG.rf.4286b31efb1b72e5b488d765b77b3d5d.jpg,valid,False
image470_JPG.jpg,train,image470_JPG.rf.afef17219dbf0201418c1b337bebc884.jpg,train,False
image470_JPG.jpg,train,image470_JPG.rf.e6e58638492474a50c3f38b250359beb.jpg,valid,False
image479_JPG.jpg,train,image479_JPG.rf.17299b582c00c2200eb7c1c08f01511b.jpg,train,False
image479_JPG.jpg,train,image479_JPG.rf.2fccb539693d5e4c42a5dd1897ad2a03.jpg,valid,False
image479_JPG.jpg,train,image479_JPG.rf.4811ec62dce6689be1a463d86c4b7a4c.jpg,train,False
image479_JPG.jpg,train,image479_JPG.rf.6afbb197fd8ffa197086ca9079a41c23.jpg,train,False
image479_JPG.jpg,train,image479_JPG.rf.9827b489783cd0be2403e8cdef2b77c5.jpg,train,False
image481_JPG.jpg,train,image481_JPG.rf.1d166f9df1ac5a22affae556268195fb.jpg,valid,False
image481_JPG.jpg,train,image481_JPG.rf.24c24a5443e238172a6a8a3a1563089a.jpg,train,False
image481_JPG.jpg,train,image481_JPG.rf.3c8025bf2e63948207234a66c6514570.jpg,train,False
image481_JPG.jpg,train,image481_JPG.rf.55810806d0c6a4c7cefd4531ff75a29b.jpg,test,False
image481_JPG.jpg,train,image481_JPG.rf.bb88d22fde11c101dbb34bd86bb87695.jpg,train,False
image488_JPG.jpg,train,image488_JPG.rf.b0cdb02705c57bd7a71364dff8bfaa71.jpg,valid,False
image488_JPG.jpg,train,image488_JPG.rf.bf4601a1c359b9a07d5bfa2bf283e3e2.jpg,valid,False
image488_JPG.jpg,train,image488_JPG.rf.bf9f57603f6dc0b72cf4269a2fabd987.jpg,train,False
image488_JPG.jpg,train,image488_JPG.rf.e7072b49b80b35525edde38b2fe94240.jpg,valid,False
image488_JPG.jpg,train,image488_JPG.rf.fba3807dbe82fca8f303deec87c1d1ad.jpg,train,False
image497_JPG.jpg,train,image497_JPG.rf.4e8c8e8b73a012aaaeece347df71a638.jpg,train,False
image497_JPG.jpg,train,image497_JPG.rf.529bf856d9c8488f4e23ccc56e615d3e.jpg,train,False
image497_JPG.jpg,train,image497_JPG.rf.77a144d4f73a3921d9dc513b099c26bf.jpg,train,False
image497_JPG.jpg,train,image497_JPG.rf.c54717e1129858bc98c47d668e91146b.jpg,valid,False
image502_JPG.jpg,train,image502_JPG.rf.172aa13de4e96e40a93dd793f328a5a2.jpg,train,False
image502_JPG.jpg,train,image502_JPG.rf.3f0083ad9915dafb5a7710ff91a59384.jpg,train,False
image502_JPG.jpg,train,image502_JPG.rf.7964a2426f3dac50e3b3f3374319a500.jpg,train,False
image502_JPG.jpg,train,image502_JPG.rf.9844b95309359e85af17968bf3539e9e.jpg,test,False
image502_JPG.jpg,train,image502_JPG.rf.bf20f639263d86890380d0c42bff5117.jpg,train,False
image505_JPG.jpg,train,image505_JPG.rf.308072188cc398cac9edcec4e8f73de9.jpg,train,False
image505_JPG.jpg,train,image505_JPG.rf.553362166e2b3c2902281b0122cf7718.jpg,train,False
image505_JPG.jpg,train,image505_JPG.rf.5738ffb5832d80830b24efdcda0fb725.jpg,train,False
image505_JPG.jpg,train,image505_JPG.rf.9ba2d0fe9703e481ee328a7e21f2921c.jpg,train,False
image505_JPG.jpg,train,image505_JPG.rf.c857ab6120e080272876cf377ffdde53.jpg,train,False
image514_JPG.jpg,train,image514_JPG.rf.0638477d8bc24da1d4ae6ab8beeebee8.jpg,train,False
image514_JPG.jpg,train,image514_JPG.rf.286533312feddaab522f42c8cdf26ff1.jpg,train,False
image514_JPG.jpg,train,image514_JPG.rf.84af5ede9a8e928fd1dc3ef12cd30dfa.jpg,valid,False
image514_JPG.jpg,train,image514_JPG.rf.a6aeff7e78eb10714541adb7a4346b5d.jpg,train,False
image514_JPG.jpg,train,image514_JPG.rf.b3745dcfd0dba852fc7e36362f4cd1b1.jpg,train,False
image516_JPG.jpg,train,image516_JPG.rf.112ffc6ec5efe4ceb4af62044fc5c72f.jpg,train,False
image516_JPG.jpg,train,image516_JPG.rf.115fb8c0524173eaf977a877827480a3.jpg,train,False
image516_JPG.jpg,train,image516_JPG.rf.37a6f42f8821b4f1ea2a9a622c59d876.jpg,train,False
image516_JPG.jpg,train,image516_JPG.rf.8e997d7ff40454932f3aa013d7ca60ce.jpg,valid,False
image516_JPG.jpg,train,image516_JPG.rf.ce964f2679253c8033687dd6430f531a.jpg,train,False
image522_JPG.jpg,train,image522_JPG.rf.30f7e8f62cc730fabb2f476db2ca8bf6.jpg,valid,False
image522_JPG.jpg,train,image522_JPG.rf.6086d7a4e032140a3dc11ff7fd083b98.jpg,train,False
image522_JPG.jpg,train,image522_JPG.rf.6236f1699a5f27ef6ee46451380cfe42.jpg,train,False
image522_JPG.jpg,train,image522_JPG.rf.f01edf17757d8ccab7ce67a67e3f0e4f.jpg,train,False
image522_JPG.jpg,train,image522_JPG.rf.f151e99ee3122481057af3251af3fe27.jpg,train,False
image539_JPG.jpg,train,image539_JPG.rf.3ed065dc5b99790d07e18a84127a6ed5.jpg,valid,False
image539_JPG.jpg,train,image539_JPG.rf.4cb7ac7e81868ebe7bcbb4b82aa4d038.jpg,train,False
image539_JPG.jpg,train,image539_JPG.rf.635536e5e9449b251f41591daad2fac8.jpg,valid,False
image539_JPG.jpg,train,image539_JPG.rf.686340555718c19eb30dc22c6802a1ba.jpg,train,False
image539_JPG.jpg,train,image539_JPG.rf.ae94c794a5b5cd696113ebf9e0f2df5d.jpg,valid,False
image550_JPG.jpg,train,image550_JPG.rf.4a606a2921a25d53098f8ce7d7e7d3e7.jpg,train,False
image550_JPG.jpg,train,image550_JPG.rf.769011a7c3c512b0aa1093db8856ade4.jpg,train,False
image550_JPG.jpg,train,image550_JPG.rf.be76f313876e43457e643e734147ade9.jpg,train,False
image550_JPG.jpg,train,image550_JPG.rf.f314a7e369e8ca27967d93f781d571ff.jpg,train,False
image552_JPG.jpg,train,image552_JPG.rf.0582c588891efa5776df2b7a12941d04.jpg,valid,False
image552_JPG.jpg,train,image552_JPG.rf.35991df349143ac7bc164d8eceaec7df.jpg,test,False
image552_JPG.jpg,train,image552_JPG.rf.3ee7dc2ddb67f69237672108fe89b436.jpg,train,False
image552_JPG.jpg,train,image552_JPG.rf.a272556c7da5fcf33e5e6d7ffb4ca719.jpg,train,False
image552_JPG.jpg,train,image552_JPG.rf.bf86a8e69c4d57e82f523151d56070a8.jpg,train,False
image554_JPG.jpg,train,image554_JPG.rf.0f7905e431396ee836f3805cd701caa1.jpg,train,False
image554_JPG.jpg,train,image554_JPG.rf.3c565fb316e19a8b850a275713d2eba2.jpg,valid,False
image554_JPG.jpg,train,image554_JPG.rf.4b493a9727697149e64eb090dd6ee860.jpg,test,False
image554_JPG.jpg,train,image554_JPG.rf.6fb54a3cd976637932658e541d40002c.jpg,train,False
image554_JPG.jpg,train,image554_JPG.rf.c8a52191590b31705b2be4914074e25a.jpg,train,False
image556_JPG.jpg,train,image556_JPG.rf.45a0212f95eb5be3954f23c383597fd0.jpg,train,False
image556_JPG.jpg,train,image556_JPG.rf.7bc9e52d092ed8de8d4698fada9e77be.jpg,valid,False
image556_JPG.jpg,train,image556_JPG.rf.b6394c3944861d9e78dcb417129b4c2d.jpg,test,False
image556_JPG.jpg,train,image556_JPG.rf.cae453fdb0ad5b1749341e71704f0b0a.jpg,train,False
image556_JPG.jpg,train,image556_JPG.rf.e6ed56274e6902d29e4cad4793aa11ce.jpg,train,False
image564_JPG.jpg,train,image564_JPG.rf.086631bf9fee266b305c170a150891e4.jpg,valid,False
image564_JPG.jpg,train,image564_JPG.rf.5fc9c801f1af2caabb4b3f435e8f2678.jpg,train,False
image564_JPG.jpg,train,image564_JPG.rf.76cfd9c47c08ead5f95378a8182edb16.jpg,train,False
image564_JPG.jpg,train,image564_JPG.rf.a198a2fb064e5213f6cb0921bbdb38d1.jpg,train,False
image564_JPG.jpg,train,image564_JPG.rf.a947c5f622a3766f2bfa918b6bc9ee2a.jpg,train,False
image566_JPG.jpg,train,image566_JPG.rf.31bed84e383730fa6c2f0a9fb9a644fb.jpg,train,False
image566_JPG.jpg,train,image566_JPG.rf.390efed40017bf7e0c67fc5122296796.jpg,test,False
image566_JPG.jpg,train,image566_JPG.rf.5f8b5cb86174a02fd15e7a967ff24046.jpg,train,False
image566_JPG.jpg,train,image566_JPG.rf.7e9066ac07245a17b56c607572fae213.jpg,train,False
image566_JPG.jpg,train,image566_JPG.rf.a4183ec1b42a1d541399fe7558d1061f.jpg,test,False
image571_JPG.jpg,train,image571_JPG.rf.07fe7026aa95cbb8f2153ed2d6d634cd.jpg,train,False
image571_JPG.jpg,train,image571_JPG.rf.229d367a14475344e2badb3ff050e884.jpg,train,False
image571_JPG.jpg,train,image571_JPG.rf.4ee16c746664b79c4931b243cb388554.jpg,valid,False
image571_JPG.jpg,train,image571_JPG.rf.756efe08635dc0b46ccb37ffe1cf5f5c.jpg,test,False
image571_JPG.jpg,train,image571_JPG.rf.9c73a59f4e1f4baec425e38f85088c3e.jpg,test,False
image575_JPG.jpg,train,image575_JPG.rf.07a1a068e4c579f3730ca82e9729e125.jpg,test,False
image575_JPG.jpg,train,image575_JPG.rf.2232ff744be35f1d1017eff46fbd93ed.jpg,train,False
image575_JPG.jpg,train,image575_JPG.rf.bf02b7395d07813605ea4e0bf6f44307.jpg,train,False
image575_JPG.jpg,train,image575_JPG.rf.c3208bf7ab446515959e91e9b0cbb3de.jpg,train,False
image575_JPG.jpg,train,image575_JPG.rf.d670065022b04575eec19a424561c930.jpg,train,False
image582_JPG.jpg,train,image582_JPG.rf.434bfa08ebf59a0658eecf71b0ff0b21.jpg,train,False
image582_JPG.jpg,train,image582_JPG.rf.747a71208b55593d3e1a53dd2b2eb913.jpg,valid,False
image582_JPG.jpg,train,image582_JPG.rf.c2fa4e0b14451b2c06a822d33f22ed01.jpg,train,False
image582_JPG.jpg,train,image582_JPG.rf.d5cef65ec59034e0875c9953b51a70b7.jpg,train,False
image582_JPG.jpg,train,image582_JPG.rf.d8d3773816b5efea472c6616d9e602f2.jpg,train,False
image583_JPG.jpg,train,image583_JPG.rf.45702378daf56b4574e97d734f928652.jpg,train,False
image583_JPG.jpg,train,image583_JPG.rf.6c13568703f79dcfc04a7906ce171564.jpg,train,False
image583_JPG.jpg,train,image583_JPG.rf.7c1f8f2b82c75ffcb43a9617e3c71e48.jpg,valid,False
image583_JPG.jpg,train,image583_JPG.rf.93731525a934e38c31ae2f5193fa5f15.jpg,valid,False
image583_JPG.jpg,train,image583_JPG.rf.9f2d9915b23b4f6179f9c7fb425857fa.jpg,train,False
image584_JPG.jpg,train,image584_JPG.rf.1e6289a1df0c303fb1cf063df9eb670c.jpg,train,False
image584_JPG.jpg,train,image584_JPG.rf.4498aa47962096ff22d54e2463784e0d.jpg,train,False
image584_JPG.jpg,train,image584_JPG.rf.b8f1873f1f48d55f4306d947bfced2f7.jpg,train,False
image584_JPG.jpg,train,image584_JPG.rf.f2ce1b89a6ebcc317a95a72e3a9340ac.jpg,test,False
image585_JPG.jpg,train,image585_JPG.rf.48b377859cd9fc4c4de186d136247a54.jpg,test,False
image585_JPG.jpg,train,image585_JPG.rf.49e4b861cd7a1f6654e554db1f7835d5.jpg,train,False
image585_JPG.jpg,train,image585_JPG.rf.94cc7d9bf8289cda6485fc8e5f009754.jpg,train,False
image585_JPG.jpg,train,image585_JPG.rf.c8238e425d78f36e8a53091ae9933d52.jpg,train,False
image585_JPG.jpg,train,image585_JPG.rf.f177461b6bba819dfc6fd7c9400340ec.jpg,train,False
image590_JPG.jpg,train,image590_JPG.rf.201da4f77533e0b780a9c3f86081675b.jpg,train,False
image590_JPG.jpg,train,image590_JPG.rf.4be2af30f184b140271522594c600620.jpg,train,False
image590_JPG.jpg,train,image590_JPG.rf.63f6f36d6bb52df212a661775eb8bf32.jpg,train,False
image590_JPG.jpg,train,image590_JPG.rf.725d2fb903f5648bf9a2c2c8992b1265.jpg,valid,False
image590_JPG.jpg,train,image590_JPG.rf.a285c17cb4bfa8b8e8363bfcd9dc2ed3.jpg,train,False
image594_JPG.jpg,train,image594_JPG.rf.5681ab118d4f6a790d459a6f7e8c6760.jpg,train,False
image594_JPG.jpg,train,image594_JPG.rf.a1f6c57a0a415e2ebe96e660cf0d9b81.jpg,valid,False
image594_JPG.jpg,train,image594_JPG.rf.c434cd7355cbcf9f7207ec9045607bcf.jpg,train,False
image594_JPG.jpg,train,image594_JPG.rf.d50e6ec24e94386d78774c0cd57caa17.jpg,test,False
image594_JPG.jpg,train,image594_JPG.rf.d9e6dea2024709597b7d282c53e7b051.jpg,train,False
image596_JPG.jpg,train,image596_JPG.rf.5c92b87d2d2d582d63dfc8c68131c3de.jpg,train,False
image596_JPG.jpg,train,image596_JPG.rf.84fd12562565cbafb03f8cc4a7c62a24.jpg,test,False
image596_JPG.jpg,train,image596_JPG.rf.9722f5dd54e7c7e490294e5d381c197f.jpg,train,False
image596_JPG.jpg,train,image596_JPG.rf.b6eb8a94ba74c50cfbd19db3d3600164.jpg,train,False
image596_JPG.jpg,train,image596_JPG.rf.f802d1afd2c70534175a55b3d2b2bc15.jpg,valid,False
image600_JPG.jpg,train,image600_JPG.rf.0f700b8c3b87dac405a1ba71b03c4fd8.jpg,train,False
image600_JPG.jpg,train,image600_JPG.rf.2f52ba6a619a878b78bb9c9557293685.jpg,valid,False
image600_JPG.jpg,train,image600_JPG.rf.683f82f93aa4a491a68271016a4ca155.jpg,train,False
image600_JPG.jpg,train,image600_JPG.rf.89046f0b882e67c972b985ad86afe745.jpg,test,False
image600_JPG.jpg,train,image600_JPG.rf.f9fd2055809224be4668a33bd36cd051.jpg,train,False
image604_JPG.jpg,train,image604_JPG.rf.287c4f22d430906440fa241c4755e000.jpg,train,False
image604_JPG.jpg,train,image604_JPG.rf.ace7451e05b6cc3c75455c69797e0b33.jpg,train,False
image604_JPG.jpg,train,image604_JPG.rf.c577861d3fcd77dbb0459f3cd4dba3c7.jpg,train,False
image604_JPG.jpg,train,image604_JPG.rf.c7be19eadfeac8e1881a8089eb891330.jpg,test,False
image604_JPG.jpg,train,image604_JPG.rf.eaf1a1312b8678b93d8758974924d3c8.jpg,train,False
image613_JPG.jpg,train,image613_JPG.rf.2e2af23d493047968c5c342524bff14c.jpg,test,False
image613_JPG.jpg,train,image613_JPG.rf.5607c1da4d94ffbffad718c12b0f0b26.jpg,valid,False
image613_JPG.jpg,train,image613_JPG.rf.593d448ff1b8813bd106f02c5f56a773.jpg,train,False
image613_JPG.jpg,train,image613_JPG.rf.d12fc9b1d1ffb384f30492519539354d.jpg,train,False
image613_JPG.jpg,train,image613_JPG.rf.dfdc4adad79ebf0fef76538acff02440.jpg,train,False
image618_JPG.jpg,train,image618_JPG.rf.3a79ef684b9517362efc47944934af0c.jpg,train,False
image618_JPG.jpg,train,image618_JPG.rf.579910de51e8548bda05c4ea42e7586b.jpg,valid,False
image618_JPG.jpg,train,image618_JPG.rf.586a0e804ffd4bc0bd5adaa1af79aaf6.jpg,train,False
image618_JPG.jpg,train,image618_JPG.rf.58afdb3535f9c411ff8a6915dc570026.jpg,test,False
image618_JPG.jpg,train,image618_JPG.rf.c89edfab65b96876a6cdea7ad1ea47b1.jpg,train,False
image643_JPG.jpg,train,image643_JPG.rf.5269db0406426d5343243228ed5fd772.jpg,train,False
image643_JPG.jpg,train,image643_JPG.rf.6699ee15599798cb8d4edd11b38c89a6.jpg,test,False
image643_JPG.jpg,train,image643_JPG.rf.8f55ef2b6143c855dce5970251b7364b.jpg,train,False
image643_JPG.jpg,train,image643_JPG.rf.c395ca95b936db53467710d8f80d608a.jpg,train,False
image643_JPG.jpg,train,image643_JPG.rf.d1ab76781139b9ce8aadb7ba5723e5db.jpg,train,False
image652_JPG.jpg,train,image652_JPG.rf.0812978fbc2059b8289b005af10ae257.jpg,train,False
image652_JPG.jpg,train,image652_JPG.rf.54daf5ad883320c15f194583a96b37fe.jpg,train,False
image652_JPG.jpg,train,image652_JPG.rf.726782150ee296110cd449a2f02c4e5a.jpg,train,False
image652_JPG.jpg,train,image652_JPG.rf.a841f753383dc923526f1f6e86b3339e.jpg,valid,False
image652_JPG.jpg,train,image652_JPG.rf.f1850eaddc355cd0bb53ca7fda886739.jpg,train,False
image658_JPG.jpg,train,image658_JPG.rf.07e5cffaf34a77fd119e52a32eb39a79.jpg,test,False
image658_JPG.jpg,train,image658_JPG.rf.3efb2f16f63dc98ad9a002899fa07c59.jpg,train,False
image658_JPG.jpg,train,image658_JPG.rf.8a57cbf3838f35607329514f6960eb29.jpg,train,False
image658_JPG.jpg,train,image658_JPG.rf.91e7f933258b1c43d485004918fdadd0.jpg,train,False
image658_JPG.jpg,train,image658_JPG.rf.f9786386a48a01acc0582a8fe641c924.jpg,train,False
image661_JPG.jpg,train,image661_JPG.rf.0531a570bd91bf9aff9e2ddec2295871.jpg,train,False
image661_JPG.jpg,train,image661_JPG.rf.97bc34b195a77b03bdd40fd62d12a0f7.jpg,train,False
image661_JPG.jpg,train,image661_JPG.rf.bc9f27e6d86482016999d1c433962c21.jpg,train,False
image661_JPG.jpg,train,image661_JPG.rf.e0b9a9d8eb83eb0985bc29f91be17081.jpg,valid,False
image665_JPG.jpg,train,image665_JPG.rf.2ca53f16e1b61ffe12ccc15c2684c2a4.jpg,train,False
image665_JPG.jpg,train,image665_JPG.rf.2e5a44cf7311c78495415a4abd6690de.jpg,train,False
image665_JPG.jpg,train,image665_JPG.rf.4bd67ff3cce3aa937e68977ed1606092.jpg,train,False
image665_JPG.jpg,train,image665_JPG.rf.67d444305960fd72f7a0f4e537c11c6b.jpg,train,False
image665_JPG.jpg,train,image665_JPG.rf.a56269dc1cbd4bb3097f8b6e84562446.jpg,train,False
image666_JPG.jpg,train,image666_JPG.rf.3051d086f25c2a24f6be7b4872c3b95f.jpg,train,False
image666_JPG.jpg,train,image666_JPG.rf.666c91c56d43f16075f190b3089544ce.jpg,train,False
image666_JPG.jpg,train,image666_JPG.rf.878f7925a7655a27b65f4fbdd59f9953.jpg,train,False
image666_JPG.jpg,train,image666_JPG.rf.b316474ca0ddee5256a7fec16bdc3b07.jpg,valid,False
image666_JPG.jpg,train,image666_JPG.rf.c18bf564f483912b4a9f6ecf459c134e.jpg,train,False
image672_JPG.jpg,train,image672_JPG.rf.07c369eec2d8fac64147aa9455581f42.jpg,train,False
image672_JPG.jpg,train,image672_JPG.rf.1ba4a05606d0a0add6d2766172fc9de4.jpg,test,False
image672_JPG.jpg,train,image672_JPG.rf.5c5d1f295579e7a490f523ae30586992.jpg,train,False
image672_JPG.jpg,train,image672_JPG.rf.a043eed9dd0bc1c354fc2a1e4bc8bd7a.jpg,train,False
image672_JPG.jpg,train,image672_JPG.rf.da06c7f4a8f0af002ca24f0955b2dc10.jpg,train,False
image675_JPG.jpg,train,image675_JPG.rf.2eb766d77a95063f288109b3b442122f.jpg,train,False
image675_JPG.jpg,train,image675_JPG.rf.31d5ba8e908422245dcf58d202feca02.jpg,train,False
image675_JPG.jpg,train,image675_JPG.rf.4fb50f51a09990de5abb5cc093e9f6e4.jpg,train,False
image675_JPG.jpg,train,image675_JPG.rf.73b0abcbe195de5023e8168a58d93d1d.jpg,train,False
image675_JPG.jpg,train,image675_JPG.rf.b9f102dbb778856d5b998bc9a3c8986b.jpg,valid,False
image683_JPG.jpg,train,image683_JPG.rf.0faf56b64f336733ae9a4eb6f5b9ee11.jpg,train,False
image683_JPG.jpg,train,image683_JPG.rf.12613b35b1d3b3202eb37241121d4edc.jpg,train,False
image683_JPG.jpg,train,image683_JPG.rf.4e6edc13a24aa228c5bc0e232abc622c.jpg,train,False
image683_JPG.jpg,train,image683_JPG.rf.5d1f100889d4838d4f17772905c7cc7a.jpg,train,False
image683_JPG.jpg,train,image683_JPG.rf.c8ba1f0edf62ee56fade6efa92b590ca.jpg,valid,False
image692_JPG.jpg,train,image692_JPG.rf.09ee978ad449e47410a2bb05bc929e58.jpg,train,False
image692_JPG.jpg,train,image692_JPG.rf.290cfbaf12f3e885e8a4d8b9f04ee51f.jpg,valid,False
image692_JPG.jpg,train,image692_JPG.rf.5902873a4ac86f348810c112444cf9d1.jpg,train,False
image692_JPG.jpg,train,image692_JPG.rf.75f4600ea858feabdf6474da83f8aa2e.jpg,train,False
image692_JPG.jpg,train,image692_JPG.rf.d46de99c12698e7c97f9df0735eb6b12.jpg,valid,False
image694_JPG.jpg,train,image694_JPG.rf.278ef144afef1fef4ca034b7d21dca47.jpg,train,False
image694_JPG.jpg,train,image694_JPG.rf.4315bf51f5645e9e6eef8e7f9a124e1b.jpg,train,False
image694_JPG.jpg,train,image694_JPG.rf.4f6827a272ea0f1847324bf57188031c.jpg,train,False
image694_JPG.jpg,train,image694_JPG.rf.a626198c9eb12fd3b977a023060f34c1.jpg,test,False
image694_JPG.jpg,train,image694_JPG.rf.c7b0937234cda2e6f855fcecefccc1cc.jpg,valid,False
image701_JPG.jpg,train,image701_JPG.rf.02d740ad7cde3027e66e5409bc660ce8.jpg,train,False
image701_JPG.jpg,train,image701_JPG.rf.35b17ce728b21516c588e439ecbe43e4.jpg,train,False
image701_JPG.jpg,train,image701_JPG.rf.36a6631bd397f262856d389c339008fc.jpg,test,False
image701_JPG.jpg,train,image701_JPG.rf.77a016e2c7164573f8cc26b895cc9296.jpg,train,False
image701_JPG.jpg,train,image701_JPG.rf.ed2a74b93e582de5eb910da1090424a6.jpg,valid,False
image707_JPG.jpg,train,image707_JPG.rf.19103b11a7be59b1479760a2800c606c.jpg,train,False
image707_JPG.jpg,train,image707_JPG.rf.60248a2eee05f630b0732254e87b484f.jpg,valid,False
image707_JPG.jpg,train,image707_JPG.rf.889d39396af11f42ca6c4c2b285a4f53.jpg,train,False
image707_JPG.jpg,train,image707_JPG.rf.ec4b1c132c9011083a11a1cbd0d450cb.jpg,valid,False
image707_JPG.jpg,train,image707_JPG.rf.f7278a56c5bb9cc22e0f28e648ea4cd1.jpg,train,False
image708_JPG.jpg,train,image708_JPG.rf.0322e23dd5fb62eb973e5caa727575c5.jpg,train,False
image708_JPG.jpg,train,image708_JPG.rf.226f8e8df0aa7b6964e2c1db005925d4.jpg,train,False
image708_JPG.jpg,train,image708_JPG.rf.4c42dd8938bafe7dc301c8b4c2c6f6fe.jpg,test,False
image708_JPG.jpg,train,image708_JPG.rf.5a348ec015ab98e3730783e51cf06992.jpg,valid,False
image708_JPG.jpg,train,image708_JPG.rf.f36fb96b13182a03a02e03e8a0629cef.jpg,train,False
image720_JPG.jpg,train,image720_JPG.rf.4174086f874531ca330bdf31ca3cebc3.jpg,valid,False
image720_JPG.jpg,train,image720_JPG.rf.4b744fc2027f0918ba86a6ec0ea3b31a.jpg,train,False
image720_JPG.jpg,train,image720_JPG.rf.6d2c8dcdab0f3d8b482de299a0888a6f.jpg,train,False
image720_JPG.jpg,train,image720_JPG.rf.d38340e20f2559ea700ed4eaf1411fb9.jpg,train,False
image720_JPG.jpg,train,image720_JPG.rf.f405803b360e87d400bdfacbf4d28eca.jpg,train,False
image731_JPG.jpg,train,image731_JPG.rf.25e657a79ad19778d1311b55643d2141.jpg,train,False
image731_JPG.jpg,train,image731_JPG.rf.a7a666173f7d5c73a14505670d2ad5d2.jpg,test,False
image731_JPG.jpg,train,image731_JPG.rf.b233dcf23cac10083a49bfc085920591.jpg,train,False
image731_JPG.jpg,train,image731_JPG.rf.b38917c54e4a7feb311aecce06596703.jpg,train,False
image744_JPG.jpg,train,image744_JPG.rf.813dc6e4cdd6c1e22bccd3fc1e1103d5.jpg,train,False
image744_JPG.jpg,train,image744_JPG.rf.ddc94c5a02cb230ba6226d00ac9725c2.jpg,train,False
image744_JPG.jpg,train,image744_JPG.rf.f8ea605d8aa2e074770b5cd0b22a8d06.jpg,train,False
image744_JPG.jpg,train,image744_JPG.rf.f9ec2f80f16e2976f6e3c075d1790023.jpg,valid,False
image745_JPG.jpg,train,image745_JPG.rf.182ff6c6a8cc84d1bf98abe53375a8e6.jpg,test,False
image745_JPG.jpg,train,image745_JPG.rf.61880f0133a783e119cd7dfbf360f217.jpg,train,False
image745_JPG.jpg,train,image745_JPG.rf.7cc164a8bd93faa15c1f608b863603ba.jpg,train,False
image745_JPG.jpg,train,image745_JPG.rf.cd40b378e6fd4d7fc83b9023e2f08b50.jpg,train,False
image745_JPG.jpg,train,image745_JPG.rf.f3b88c2baa446e0e473867e77b175768.jpg,valid,False
image753_JPG.jpg,train,image753_JPG.rf.0047e817a4888dda694230515c791d8f.jpg,valid,False
image753_JPG.jpg,train,image753_JPG.rf.ac95526280abc8c3a8a2587444c0f882.jpg,train,False
image753_JPG.jpg,train,image753_JPG.rf.c4b17d1bc61fc12f8a3f27d24c8b63f4.jpg,train,False
image753_JPG.jpg,train,image753_JPG.rf.dc2e3172884a57f80f6c11693e171ff7.jpg,train,False
image753_JPG.jpg,train,image753_JPG.rf.f5c9fe36192f6f41de519c9768840ff9.jpg,train,False
image755_JPG.jpg,train,image755_JPG.rf.74ed35da530d84bdae4b357e50ce8b27.jpg,train,False
image755_JPG.jpg,train,image755_JPG.rf.785c3600df9bb3ef6d2730827315d583.jpg,valid,False
image755_JPG.jpg,train,image755_JPG.rf.c38cad0bf6be8b34bf61f15a9019de8a.jpg,train,False
image755_JPG.jpg,train,image755_JPG.rf.e8c75fb30478379cdd94d2e3a7a1f209.jpg,train,False
image755_JPG.jpg,train,image755_JPG.rf.f28c4d48b785da3d626d217247c1de0d.jpg,valid,False
image757_JPG.jpg,train,image757_JPG.rf.39d2d9fab121806f3e999e4589e14548.jpg,train,False
image757_JPG.jpg,train,image757_JPG.rf.4c4721285db3d17b3fbd7ba08dbba222.jpg,train,False
image757_JPG.jpg,train,image757_JPG.rf.ac190131f8e46f5f53ac03daf671da62.jpg,train,False
image757_JPG.jpg,train,image757_JPG.rf.e158b91c202c240eaad256043d03c3d0.jpg,train,False
image757_JPG.jpg,train,image757_JPG.rf.fe1bd306da467c5f235723f60c6b725f.jpg,valid,False
image765_JPG.jpg,train,image765_JPG.rf.2fb23faf030133365c44c6b2552b87d6.jpg,train,False
image765_JPG.jpg,train,image765_JPG.rf.41e24ef8097b65525a29a5c46c5974e6.jpg,valid,False
image765_JPG.jpg,train,image765_JPG.rf.64964b32a9eb647281d50483b2c3eea2.jpg,valid,False
image765_JPG.jpg,train,image765_JPG.rf.c2952b4a23f94e3a22e2c688b6e2abac.jpg,train,False
image765_JPG.jpg,train,image765_JPG.rf.d30875fbe72c86ae154e23becd30ceb5.jpg,train,False
image774_JPG.jpg,train,image774_JPG.rf.59384bf62a17ea0cb7d77efd76c30ea6.jpg,train,False
image774_JPG.jpg,train,image774_JPG.rf.9c3cc77c11a4e38be58725928e85ecb7.jpg,valid,False
image774_JPG.jpg,train,image774_JPG.rf.bb452df9cf7c8f440a3f25a084403e15.jpg,test,False
image774_JPG.jpg,train,image774_JPG.rf.f4efa118534677953372fbe3d8117b28.jpg,test,False
image780_JPG.jpg,train,image780_JPG.rf.1d4979f3cc1dff20bc5aefd4cc8ce13d.jpg,train,False
image780_JPG.jpg,train,image780_JPG.rf.6f5790a8a43fd660160b23a17938a5d5.jpg,test,False
image780_JPG.jpg,train,image780_JPG.rf.c59a99e51f16965a06a5ab5a1f327a14.jpg,valid,False
image780_JPG.jpg,train,image780_JPG.rf.eb1268d3d0371ec99ca3aa00bf965f0b.jpg,train,False
image780_JPG.jpg,train,image780_JPG.rf.f0443d81b40e5f5f37dc1362b7cc24f3.jpg,test,False
image783_JPG.jpg,train,image783_JPG.rf.17c66b81ae744ecf17e8ed83c0ef9ae3.jpg,train,False
image783_JPG.jpg,train,image783_JPG.rf.988533769e4a31337f830acd2eb976d9.jpg,train,False
image783_JPG.jpg,train,image783_JPG.rf.bdee083b268ee276f4d7d93b9f429262.jpg,train,False
image783_JPG.jpg,train,image783_JPG.rf.d282cfd1866d498c6f1bc88a29b33d2f.jpg,train,False
image783_JPG.jpg,train,image783_JPG.rf.dfac7b58df633d41b4f38a31954a32f8.jpg,test,False
image794_JPG.jpg,train,image794_JPG.rf.0ec95990a924748b2071e0e1fc4bc4fc.jpg,train,False
image794_JPG.jpg,train,image794_JPG.rf.294eb07cfe5ea04be3d23e02aeecaa93.jpg,train,False
image794_JPG.jpg,train,image794_JPG.rf.362ddd3f6ddb1b02ff39a1159211a676.jpg,train,False
image794_JPG.jpg,train,image794_JPG.rf.8c80962866049b6adc33bb34e96528cc.jpg,train,False
image794_JPG.jpg,train,image794_JPG.rf.f7c34cb970633ffa0138a177452da886.jpg,test,False
IMG_0712_JPG.jpg,valid,IMG_0712_JPG.rf.3e5df64cf796d937ff26058576c427c3.jpg,train,True
IMG_0717_JPG.jpg,valid,IMG_0717_JPG.rf.0d74a6673b03caf6483e77b671fcf9d6.jpg,train,True
IMG_0718_JPG.jpg,valid,IMG_0718_JPG.rf.1b68d0e0ff0d7ce2dbb895490e073d5a.jpg,valid,True
IMG_0724_JPG.jpg,valid,IMG_0724_JPG.rf.11ec640ebda104bfdb4ef98338dcc6dd.jpg,train,True
IMG_0726_JPG.jpg,valid,IMG_0726_JPG.rf.3cb84569e07becd859e5ad7b618349dc.jpg,valid,True
IMG_0730_JPG.jpg,valid,IMG_0730_JPG.rf.32f28a5147583ffe6d91373dc5dba9b9.jpg,train,True
IMG_0734_JPG.jpg,valid,IMG_0734_JPG.rf.0c5032894dcb5bf3411f528a508a11b8.jpg,train,True
IMG_0736_JPG.jpg,valid,IMG_0736_JPG.rf.30227a028ed61171e9193492f5cb9f71.jpg,train,True
IMG_0737_JPG.jpg,valid,IMG_0737_JPG.rf.136d668e53a22105ea9a278b806d195d.jpg,train,True
IMG_0752_JPG.jpg,valid,IMG_0752_JPG.rf.1fc408fa96626354ad0142b4a114607d.jpg,train,True
IMG_0764_JPG.jpg,valid,IMG_0764_JPG.rf.3449e81c0bb2fcf6687a94c5fc815c94.jpg,train,True
IMG_0783_JPG.jpg,valid,IMG_0783_JPG.rf.147c3aadfb74691a7f91aac9a71c7e9e.jpg,test,True
IMG_0786_JPG.jpg,valid,IMG_0786_JPG.rf.20c78e247bdf0b0da598f33725c0f766.jpg,train,True
IMG_0796_JPG.jpg,valid,IMG_0796_JPG.rf.72e0ac75ceea5e7144daa88bed7312ca.jpg,train,True
IMG_0800_JPG.jpg,valid,IMG_0800_JPG.rf.1d053753711ae3ed2999e3399d5c2dcd.jpg,train,True
IMG_0811_JPG.jpg,valid,IMG_0811_JPG.rf.55b05471c8a4df8777070ad7fcaa0580.jpg,train,True
IMG_0820_JPG.jpg,valid,IMG_0820_JPG.rf.01e99cd8d4561e4d7ca81a4df291ca30.jpg,train,True
IMG_0821_JPG.jpg,valid,IMG_0821_JPG.rf.08dccc13a4b28bb21d4b7d148b6ad6b1.jpg,test,True
IMG_0829_JPG.jpg,valid,IMG_0829_JPG.rf.0202a6c1aa1521b7eb3102bdf60016f5.jpg,train,True
IMG_0830_JPG.jpg,valid,IMG_0830_JPG.rf.2ac8c300a7677b958bf4296034be9091.jpg,train,True
image001_JPG.jpg,valid,image001_JPG.rf.a12384cde65b37532c31d1a25bf4fe57.jpg,train,True
image010_jpg.jpg,valid,image010_jpg.rf.18ab0405c7d3d38d686597400c8b611e.jpg,valid,True
image012_jpg.jpg,valid,image012_jpg.rf.06e19c39d49baa061d6619b85fca66fe.jpg,train,True
image015_jpg.jpg,valid,image015_jpg.rf.0482b4d58ddccace4d56f6d0d18da221.jpg,train,True
image017_JPG.jpg,valid,image017_JPG.rf.15c942fa3c6f40fc62daea90daf8b2bf.jpg,valid,True
image028_jpg.jpg,valid,image028_jpg.rf.0d3c8b7a2ba8aaa04398350bbd352589.jpg,valid,True
image050_JPG.jpg,valid,image050_JPG.rf.44160299e19e5bd90efa6c853daa62b7.jpg,train,True
image055_jpg.jpg,valid,image055_jpg.rf.2e0f871456b14f876c739707a4c0c96c.jpg,train,True
image075_JPG.jpg,valid,image075_JPG.rf.0220c2289ce49c7cade0468d2ce85303.jpg,train,True
image082_JPG.jpg,valid,image082_JPG.rf.22bebe13e5bd32f90e6255922c2b5d5c.jpg,train,True
image085_JPG.jpg,valid,image085_JPG.rf.2be82fe69459f404d9c67024ae18a269.jpg,train,True
image099_JPG.jpg,valid,image099_JPG.rf.0a0062da60f0a20f533afb524d36eb46.jpg,train,True
image103_JPG.jpg,valid,image103_JPG.rf.15bdd2ff26589d028cfbb1c5184b369f.jpg,train,True
image104_JPG.jpg,valid,image104_JPG.rf.0cb0992faf3d2d6a0b9baf236b32d289.jpg,train,True
image125_JPG.jpg,valid,image125_JPG.rf.15b6a5c34f73f13c595e9b9e96a80913.jpg,train,True
image144_JPG.jpg,valid,image144_JPG.rf.3d80d31acf9aab52675ee8db464a97f7.jpg,train,True
image146_JPG.jpg,valid,image146_JPG.rf.20090c16eb80e95b8bfad29b6205b2d8.jpg,valid,True
image151_JPG.jpg,valid,image151_JPG.rf.2e87f76ae8c55e96987832be796bd260.jpg,train,True
image176_JPG.jpg,valid,image176_JPG.rf.42d26d6b7184f62c0dacb7976adbdb40.jpg,train,True
image205_JPG.jpg,valid,image205_JPG.rf.1f229b3ebe05185ed705b52281bc2b17.jpg,train,True
image209_JPG.jpg,valid,image209_JPG.rf.1552f1877f7826427e8a4262c0f7749a.jpg,train,True
image220_JPG.jpg,valid,image220_JPG.rf.45120d8a113819b591686ab995659c0e.jpg,train,True
image227_JPG.jpg,valid,image227_JPG.rf.02fe9dd794117a9ff46ef3f6d4bad90b.jpg,train,True
image240_JPG.jpg,valid,image240_JPG.rf.05832b6b726a456ae0c571aa15017b33.jpg,train,True
image241_JPG.jpg,valid,image241_JPG.rf.0e8a747b46c2b6dd38d4301bbc70b151.jpg,train,True
image257_JPG.jpg,valid,image257_JPG.rf.17ccb2474381ffdbe7fbddcf98fc78c0.jpg,valid,True
image277_JPG.jpg,valid,image277_JPG.rf.04c6bf1ffde485996453283f712e13f1.jpg,valid,True
image281_JPG.jpg,valid,image281_JPG.rf.02ec074cfe825db9766c19996c56b94d.jpg,train,True
image284_JPG.jpg,valid,image284_JPG.rf.1b07223b1161fd2566e1347e1ac2c7ef.jpg,train,True
image289_JPG.jpg,valid,image289_JPG.rf.0cd09a8fcd2a2522e45a6a541a0af98b.jpg,train,True
image294_JPG.jpg,valid,image294_JPG.rf.20dc2611bf0d524b6f3eb83252762839.jpg,train,True
image308_JPG.jpg,valid,image308_JPG.rf.14cabf069399d9ec8fd026aa24c760b9.jpg,train,True
image319_JPG.jpg,valid,image319_JPG.rf.79fec9d7e7c8001d7bbf256f0d6237f2.jpg,train,True
image327_JPG.jpg,valid,image327_JPG.rf.0f964d80fa6777b992bcc4260404ead0.jpg,train,True
image334_JPG.jpg,valid,image334_JPG.rf.4bb37a38d9ca41617a126ae3987e85fb.jpg,train,True
image344_JPG.jpg,valid,image344_JPG.rf.8f777c8d07e328b094ec09032fe80e56.jpg,train,True
image349_JPG.jpg,valid,image349_JPG.rf.2651304d4025fe62a20118ff5be9d409.jpg,train,True
image450_JPG.jpg,valid,image450_JPG.rf.233f8b80fca4b54f152db1cbe19677a4.jpg,train,True
image463_JPG.jpg,valid,image463_JPG.rf.c1069342f47415d837c2073dd59a0ac1.jpg,train,True
image472_JPG.jpg,valid,image472_JPG.rf.5554a46beb2e566f885ddc8b4b93d828.jpg,test,True
image477_JPG.jpg,valid,image477_JPG.rf.2a1e15d414a590a68f03eecc08486a81.jpg,train,True
image518_JPG.jpg,valid,image518_JPG.rf.39b059e0b4eb73e7841a4a3726997ff2.jpg,train,True
image549_JPG.jpg,valid,image549_JPG.rf.2ab7f0845ca5e7a2e8814ffeab091ab7.jpg,train,True
image569_JPG.jpg,valid,image569_JPG.rf.0d8bda8b6a5bbe8c8345ddc9cf62c4b9.jpg,train,True
image577_JPG.jpg,valid,image577_JPG.rf.14761fb016537206ddd98a152b08f839.jpg,test,True
image588_JPG.jpg,valid,image588_JPG.rf.1c7a6b5d9434454257f6ebf0c06bf193.jpg,train,True
image617_JPG.jpg,valid,image617_JPG.rf.033fd89e5bdc13a7e8c7bc96669cfe7d.jpg,valid,True
image659_JPG.jpg,valid,image659_JPG.rf.1564ee4bcdd9c392ccd44478778b98fb.jpg,test,True
image680_JPG.jpg,valid,image680_JPG.rf.b6f4b0d74182a90e2c50d3751495b021.jpg,train,True
image693_JPG.jpg,valid,image693_JPG.rf.007268c73cf5e18a1c61da176c3a75e3.jpg,valid,True
image697_JPG.jpg,valid,image697_JPG.rf.254f16161e57286afd2791e16c1c72f6.jpg,train,True
image703_JPG.jpg,valid,image703_JPG.rf.2a6228d928a13a4c8bb938427fc4ac61.jpg,train,True
image722_JPG.jpg,valid,image722_JPG.rf.2c6fe06e49cf9fb8062b2b87e8520f3b.jpg,train,True
image741_JPG.jpg,valid,image741_JPG.rf.1553c88d611f43982ce3a10a1b4f0dd2.jpg,train,True
image770_JPG.jpg,valid,image770_JPG.rf.14938ab8944d5e524196923ee96ab703.jpg,test,True
image779_JPG.jpg,valid,image779_JPG.rf.2e02ba12bc210ff51845b30464c9078f.jpg,train,True
image796_JPG.jpg,valid,image796_JPG.rf.2e4fd2a49b44899a8db1591beac4d899.jpg,train,True
IMG_0691_JPG.jpg,test,IMG_0691_JPG.rf.242ddf7007b1f61a3471e85554a55e26.jpg,train,True
IMG_0700_JPG.jpg,test,IMG_0700_JPG.rf.49ffb5b6242228b763eaa2eb7b1ce10b.jpg,train,True
IMG_0701_JPG.jpg,test,IMG_0701_JPG.rf.0848eeaf8c2a62abbea0e0cf58e0b7d7.jpg,valid,True
IMG_0704_JPG.jpg,test,IMG_0704_JPG.rf.0a46d8931c90c98c3bd8e4799be04195.jpg,train,True
IMG_0705_JPG.jpg,test,IMG_0705_JPG.rf.685ef14ba544f7f83eb0a2389f2fbb63.jpg,train,True
IMG_0711_JPG.jpg,test,IMG_0711_JPG.rf.0f100cc43336708dcaf7135bf5794ac2.jpg,valid,True
IMG_0741_JPG.jpg,test,IMG_0741_JPG.rf.0e785e5529e99199bf79a86c86f6ef87.jpg,train,True
IMG_0745_JPG.jpg,test,IMG_0745_JPG.rf.25aa325f5974d84a8c2bcceb7f3bf9a7.jpg,train,True
IMG_0748_JPG.jpg,test,IMG_0748_JPG.rf.06f43009dd2d18d1393112b33eb97b5c.jpg,valid,True
IMG_0750_JPG.jpg,test,IMG_0750_JPG.rf.2cf68f987c8b9d29cbce411b3510e869.jpg,train,True
IMG_0753_JPG.jpg,test,IMG_0753_JPG.rf.1b2d0399b077aeab993ab8fea93deedd.jpg,train,True
IMG_0763_JPG.jpg,test,IMG_0763_JPG.rf.09e9f11bc488a2df3b7159136b45a566.jpg,test,True
IMG_0767_JPG.jpg,test,IMG_0767_JPG.rf.00e746a30e4fbbf2a3e1008e78e252b1.jpg,train,True
IMG_0768_JPG.jpg,test,IMG_0768_JPG.rf.20c29421de51eb0d64967b128515ad49.jpg,train,True
IMG_0770_JPG.jpg,test,IMG_0770_JPG.rf.379d74143ef3bef456396534bdd42131.jpg,train,True
IMG_0776_JPG.jpg,test,IMG_0776_JPG.rf.14ddb3d916c00a230f6b11554087a14d.jpg,train,True
IMG_0784_JPG.jpg,test,IMG_0784_JPG.rf.16decc0d979ab5702f440c05d7af73a1.jpg,train,True
IMG_0792_JPG.jpg,test,IMG_0792_JPG.rf.21140b859cd687ee518dc6bd0dc63ac5.jpg,train,True
IMG_0794_JPG.jpg,test,IMG_0794_JPG.rf.1f85d2de117b83d0b4ba1d10a1a70ad6.jpg,train,True
IMG_0814_JPG.jpg,test,IMG_0814_JPG.rf.52df23f1de951dbffca1c72e6618157b.jpg,train,True
IMG_0823_JPG.jpg,test,IMG_0823_JPG.rf.20d364ab7b1459fafda3a62585f904eb.jpg,train,True
IMG_0824_JPG.jpg,test,IMG_0824_JPG.rf.4ca3bcdfaf0fd542c101266a6c9f5a01.jpg,valid,True
IMG_0825_JPG.jpg,test,IMG_0825_JPG.rf.0b74a04d28109d26041490fddd9b65ec.jpg,valid,True
IMG_0827_JPG.jpg,test,IMG_0827_JPG.rf.78c9d511cc7646f46f1fff586e208845.jpg,train,True
IMG_0832_JPG.jpg,test,IMG_0832_JPG.rf.08a840f4c86ea4b041083f52520d0d6c.jpg,valid,True
IMG_0838_JPG.jpg,test,IMG_0838_JPG.rf.03fac667f294ccab85f3a47d366968e9.jpg,train,True
image011_jpg.jpg,test,image011_jpg.rf.420e336430c3ef06843a3c3015e855ca.jpg,train,True
image019_jpg.jpg,test,image019_jpg.rf.48b4e6dad66fef0c0837185f946bb582.jpg,valid,True
image021_jpg.jpg,test,image021_jpg.rf.247c3dac7a63a9f77791d6bdef49d8e6.jpg,valid,True
image030_JPG.jpg,test,image030_JPG.rf.30a8fe4928bf8c0501a5afabb6603fe9.jpg,train,True
image032_jpg.jpg,test,image032_jpg.rf.1853ad9b6b07acb4990d86ff6f636c6d.jpg,train,True
image065_JPG.jpg,test,image065_JPG.rf.13e442f95019223e1cb76106b8486f5f.jpg,valid,True
image067_JPG.jpg,test,image067_JPG.rf.380ad2417869a2ae0b4582e713ff86cb.jpg,train,True
image069_JPG.jpg,test,image069_JPG.rf.325aa680a059d0b7db20babef0cbe097.jpg,train,True
image079_JPG.jpg,test,image079_JPG.rf.78c8bd47db6f022a07a13da2c746b354.jpg,test,True
image081_JPG.jpg,test,image081_JPG.rf.3168111805b45550f1efc37f395a6a69.jpg,train,True
image089_JPG.jpg,test,image089_JPG.rf.4f5f1508b750f98bef2d8634c10cfbb3.jpg,train,True
image090_JPG.jpg,test,image090_JPG.rf.2e735899e8bdbe44a43da3c15d3c0019.jpg,train,True
image118_JPG.jpg,test,image118_JPG.rf.72119838ca90c41758624b570e938af1.jpg,valid,True
image121_JPG.jpg,test,image121_JPG.rf.461872b0330e4808f91f6cfb3322f415.jpg,train,True
image127_JPG.jpg,test,image127_JPG.rf.0160edce7aae8582e58b7b512fad1c8e.jpg,train,True
image141_JPG.jpg,test,image141_JPG.rf.24da879c8535f17b80679c2d81e16c81.jpg,train,True
image148_JPG.jpg,test,image148_JPG.rf.30a10f7ff9f60d018011be2f8b056fc8.jpg,test,True
image154_JPG.jpg,test,image154_JPG.rf.41aad34fb93b1fb78471c02bc3fe3565.jpg,train,True
image180_JPG.jpg,test,image180_JPG.rf.07058a05941203fe1267994f6e9e0e3a.jpg,train,True
image207_JPG.jpg,test,image207_JPG.rf.01b26ee7dcc8f458e398910aaed78a22.jpg,test,True
image214_JPG.jpg,test,image214_JPG.rf.62aae75b6b0cba41c328b76dcd250f91.jpg,train,True
image217_JPG.jpg,test,image217_JPG.rf.2a9bea9ad95d37c786f39484857cc1dd.jpg,valid,True
image223_JPG.jpg,test,image223_JPG.rf.4b9f62013c8436be8a5de1aa64e4e46d.jpg,train,True
image236_JPG.jpg,test,image236_JPG.rf.33e702765b740f96be08efab85fe6add.jpg,valid,True
image244_JPG.jpg,test,image244_JPG.rf.12e059904cd2e85d6ede96682d8b4cc0.jpg,train,True
image245_JPG.jpg,test,image245_JPG.rf.23e73bbc99b083991358569b4a0ad9b1.jpg,train,True
image251_JPG.jpg,test,image251_JPG.rf.25492b07bab3e1765557e2210c4e1b08.jpg,train,True
image253_JPG.jpg,test,image253_JPG.rf.609cbddd85a89f347eb2405cba432355.jpg,valid,True
image263_JPG.jpg,test,image263_JPG.rf.10c8978c54fde9486c294fe882cc7974.jpg,train,True
image270_JPG.jpg,test,image270_JPG.rf.10292840d68989d2d2f4faea52146849.jpg,valid,True
image279_JPG.jpg,test,image279_JPG.rf.4ced7dec9c6981acf678385536a128f5.jpg,valid,True
image285_JPG.jpg,test,image285_JPG.rf.1b99c3483b9daebc52ce353ae966a416.jpg,train,True
image314_JPG.jpg,test,image314_JPG.rf.104db56c2c53cf50e9cc826ab5c95ead.jpg,train,True
image345_JPG.jpg,test,image345_JPG.rf.196ae331233a09430b9e1bab9949fa4c.jpg,train,True
image348_JPG.jpg,test,image348_JPG.rf.0282b623469a0eb0a1eb28a528255c39.jpg,train,True
image359_JPG.jpg,test,image359_JPG.rf.0c8ad45109c574900d2b4f9feb5c2d34.jpg,train,True
image376_JPG.jpg,test,image376_JPG.rf.02e129c8a5fb41fdbac05299f380ba97.jpg,train,True
image391_JPG.jpg,test,image391_JPG.rf.12a9056f672ef8493c1cc652cf039cb6.jpg,train,True
image402_JPG.jpg,test,image402_JPG.rf.2ea3ed9daa65fb9f08c1e7adcd450138.jpg,train,True
image439_JPG.jpg,test,image439_JPG.rf.58642b0b0de76ead6043f4243ed8bad2.jpg,valid,True
image462_JPG.jpg,test,image462_JPG.rf.49fb2bc9bd84d7b93429cf511982e557.jpg,train,True
image558_JPG.jpg,test,image558_JPG.rf.20090148a194bb442caa166b235c59e4.jpg,valid,True
image560_JPG.jpg,test,image560_JPG.rf.3d8c2fe2177716638be56f818f35aa71.jpg,train,True
image561_JPG.jpg,test,image561_JPG.rf.21f4e3076d08f2cab36336c1f7c9b738.jpg,train,True
image668_JPG.jpg,test,image668_JPG.rf.2e1c6194b8632c6ad6022bd689f3c61f.jpg,valid,True
image726_JPG.jpg,test,image726_JPG.rf.05e9172b44ae451d2a93087ea6ccaee0.jpg,train,True
image728_JPG.jpg,test,image728_JPG.rf.088a62519d66a630e166a83983a32a1d.jpg,train,True
image742_JPG.jpg,test,image742_JPG.rf.609f0f0e1f76de0678c3c01986581ca6.jpg,train,True
image750_JPG.jpg,test,image750_JPG.rf.09108bae1b2f3dccf10b79fc3472a01b.jpg,valid,True
image763_JPG.jpg,test,image763_JPG.rf.3faf0e650115c77a01d3d37e91178917.jpg,test,True
image781_JPG.jpg,test,image781_JPG.rf.11eea9d4429214d91cb12e2291369142.jpg,train,True
